customer_id,age,gender,income,city,category,amount,frequency,last_purchase_days_ago,churn
1,56,Female,49552,Paris,Electronics,979.55,14,164,0
2,69,Male,109245,Toulouse,Beauty,59.28,7,259,0
3,46,Female,49055,Marseille,Sports,505.15,9,314,0
4,32,Female,55685,Nice,Home,821.7,9,216,0
5,60,Male,91965,Paris,Beauty,566.48,1,183,1
6,25,Female,32716,Lyon,Fashion,281.38,1,57,0
7,38,Female,29138,Lyon,Electronics,1458.74,3,145,0
8,56,Male,53298,Nice,Electronics,1628.16,6,90,0
9,36,Male,69112,Paris,Fashion,522.38,2,311,1
10,40,Male,41429,Toulouse,Fashion,1551.09,10,45,0
11,28,Female,68200,Marseille,Beauty,777.25,12,257,0
12,28,Female,89308,Paris,Fashion,1018.3,11,21,0
13,41,Female,66244,Lyon,Home,1713.44,1,21,0
14,53,Male,119268,Nice,Sports,1502.41,1,52,0
15,57,Male,35347,Nice,Fashion,1612.18,13,338,0
16,41,Female,34920,Marseille,Fashion,282.32,5,171,0
17,20,Female,49822,Nice,Home,148.74,4,67,0
18,39,Male,64659,Nice,Electronics,1787.88,1,113,0
19,19,Male,58108,Paris,Electronics,781.79,4,300,0
20,41,Male,107099,Toulouse,Beauty,582.88,3,160,0
21,61,Male,25967,Marseille,Home,1452.15,2,266,1
22,47,Female,29871,Paris,Sports,1674.47,9,320,0
23,55,Male,112299,Toulouse,Sports,1726.35,14,232,0
24,19,Female,95452,Paris,Home,638.83,11,325,0
25,38,Female,92270,Paris,Sports,1705.9,1,68,0
26,50,Female,51613,Nice,Electronics,91.46,7,28,0
27,29,Male,46179,Toulouse,Sports,108.83,14,116,0
28,39,Male,70188,Marseille,Sports,1250.8,13,51,0
29,61,Male,73099,Marseille,Home,135.58,4,181,0
30,42,Male,53262,Toulouse,Home,655.97,5,260,0
31,66,Female,96213,Nice,Sports,1348.78,10,79,0
32,44,Male,36268,Lyon,Fashion,681.16,5,273,0
33,59,Male,95866,Paris,Home,367.4,1,108,0
34,45,Female,104269,Nice,Beauty,569.89,6,74,0
35,33,Male,78545,Toulouse,Beauty,920.57,13,175,0
36,32,Female,110822,Paris,Electronics,956.02,9,184,0
37,64,Female,90146,Marseille,Sports,1568.17,2,23,0
38,68,Female,89966,Lyon,Fashion,1502.8,7,274,0
39,61,Female,57922,Marseille,Electronics,919.07,6,129,0
40,69,Female,97364,Toulouse,Sports,1692.88,5,291,0
41,20,Female,60913,Paris,Home,237.33,4,320,0
42,54,Female,115033,Toulouse,Beauty,518.15,4,186,0
43,68,Female,73677,Paris,Fashion,1657.67,6,59,0
44,24,Male,67841,Nice,Beauty,762.21,4,1,0
45,38,Male,64332,Lyon,Home,1962.55,5,131,0
46,26,Male,110062,Nice,Sports,937.84,13,67,0
47,56,Male,113694,Nice,Home,1585.95,6,293,0
48,35,Female,43032,Toulouse,Home,810.59,5,285,0
49,21,Male,55846,Lyon,Beauty,855.66,7,89,0
50,42,Female,77474,Paris,Fashion,771.94,9,100,0
51,31,Male,62936,Paris,Home,1440.96,10,189,0
52,67,Male,47794,Marseille,Beauty,1099.56,7,346,0
53,26,Male,79588,Paris,Fashion,1888.12,7,241,0
54,43,Female,88984,Toulouse,Sports,509.27,4,270,0
55,19,Male,68331,Nice,Sports,210.12,1,219,1
56,37,Female,112397,Nice,Electronics,792.59,14,176,0
57,45,Female,46141,Nice,Beauty,1237.26,8,341,0
58,64,Male,27074,Lyon,Fashion,1722.99,4,233,0
59,24,Male,24406,Paris,Home,698.93,1,151,1
60,61,Male,115359,Toulouse,Sports,1311.04,5,277,0
61,25,Female,41291,Lyon,Fashion,706.9,14,229,0
62,64,Male,59568,Marseille,Beauty,1238.27,14,171,0
63,52,Female,115539,Toulouse,Electronics,1770.77,8,223,0
64,31,Female,64851,Toulouse,Sports,470.4,4,213,0
65,34,Male,117942,Toulouse,Fashion,814.44,13,282,0
66,53,Male,72823,Nice,Fashion,1986.6,12,41,0
67,67,Female,41312,Toulouse,Fashion,1738.43,8,122,0
68,57,Female,61108,Paris,Beauty,1133.63,8,227,0
69,21,Female,84918,Toulouse,Beauty,1038.09,3,294,0
70,19,Male,52171,Nice,Beauty,576.35,9,88,0
71,23,Female,59779,Toulouse,Home,1039.25,3,267,0
72,59,Male,86828,Marseille,Fashion,1697.88,1,29,0
73,21,Female,116723,Marseille,Sports,1373.5,2,247,1
74,46,Female,30411,Nice,Beauty,587.19,6,316,0
75,35,Male,75009,Paris,Beauty,410.91,12,244,0
76,43,Female,33422,Paris,Fashion,537.76,10,61,0
77,61,Male,60468,Lyon,Beauty,347.82,2,147,0
78,51,Male,50371,Nice,Home,200.32,6,174,0
79,27,Female,75022,Toulouse,Home,844.08,14,278,0
80,53,Male,89229,Nice,Beauty,235.47,1,334,1
81,31,Male,117071,Lyon,Fashion,352.11,11,142,0
82,48,Female,69196,Nice,Fashion,1099.18,13,44,0
83,65,Male,98354,Nice,Fashion,337.55,1,144,0
84,32,Male,114774,Lyon,Electronics,137.12,5,353,0
85,25,Male,114410,Paris,Beauty,641.6,10,333,0
86,31,Female,44715,Toulouse,Fashion,448.44,13,55,0
87,40,Male,45605,Lyon,Home,1035.46,11,307,0
88,57,Female,117853,Marseille,Sports,213.71,9,358,0
89,38,Female,49174,Paris,Sports,1506.02,14,161,0
90,33,Male,27956,Marseille,Fashion,1813.4,8,285,0
91,62,Male,94373,Paris,Sports,1489.44,3,325,0
92,35,Male,87252,Toulouse,Sports,1070.33,3,198,0
93,64,Female,79949,Toulouse,Electronics,1722.73,1,159,1
94,41,Male,80646,Nice,Home,1392.89,14,80,0
95,43,Male,88017,Marseille,Home,31.0,3,31,0
96,42,Male,81037,Paris,Electronics,794.24,14,112,0
97,62,Male,107818,Toulouse,Electronics,1703.39,12,46,0
98,58,Male,24548,Lyon,Sports,698.26,12,353,0
99,46,Female,91294,Toulouse,Beauty,80.08,12,205,0
100,32,Female,41177,Lyon,Sports,1494.9,13,52,0
101,62,Male,42022,Paris,Electronics,1606.06,11,138,0
102,18,Male,23542,Toulouse,Home,329.58,1,74,0
103,42,Male,109012,Toulouse,Sports,1079.31,8,41,0
104,24,Male,114320,Paris,Beauty,391.99,1,77,0
105,26,Female,78428,Toulouse,Sports,1441.28,5,187,0
106,41,Male,40740,Lyon,Fashion,550.39,9,52,0
107,18,Female,77353,Toulouse,Sports,639.27,7,87,0
108,61,Female,108353,Marseille,Electronics,1691.49,4,109,0
109,25,Male,74532,Nice,Home,957.88,11,225,0
110,41,Female,34052,Lyon,Home,1342.81,9,248,0
111,28,Female,118689,Marseille,Electronics,810.72,9,69,0
112,68,Female,65076,Paris,Fashion,603.03,2,120,0
113,34,Female,71420,Lyon,Electronics,1254.7,10,67,0
114,25,Male,18671,Nice,Sports,318.17,10,61,0
115,52,Male,18163,Nice,Electronics,752.27,11,327,0
116,52,Female,59424,Paris,Electronics,425.98,12,191,0
117,50,Male,71744,Paris,Fashion,1394.63,6,189,0
118,22,Male,88331,Lyon,Sports,1888.98,4,151,0
119,59,Male,28634,Toulouse,Beauty,1991.07,8,286,0
120,56,Male,22798,Paris,Beauty,906.05,12,96,0
121,58,Male,40420,Toulouse,Home,512.54,11,312,0
122,45,Female,47300,Marseille,Electronics,891.23,7,309,0
123,24,Male,107881,Nice,Home,1696.07,7,263,0
124,26,Male,28749,Toulouse,Fashion,419.95,11,97,0
125,25,Male,43121,Nice,Beauty,1904.67,10,113,0
126,29,Male,55487,Toulouse,Electronics,690.31,9,125,0
127,51,Female,111947,Marseille,Fashion,1971.75,13,132,0
128,50,Female,51361,Paris,Fashion,1678.83,5,121,0
129,65,Female,39223,Marseille,Electronics,1619.06,6,197,0
130,40,Female,90930,Paris,Fashion,642.63,1,294,1
131,41,Male,32056,Paris,Electronics,27.47,6,122,0
132,54,Female,46380,Nice,Electronics,770.44,2,282,1
133,52,Male,44035,Marseille,Sports,610.6,6,260,0
134,61,Male,48620,Toulouse,Home,84.42,9,39,0
135,57,Male,37877,Marseille,Fashion,1015.68,8,54,0
136,39,Male,73316,Nice,Fashion,812.03,9,161,0
137,44,Male,82041,Paris,Sports,1272.77,13,289,0
138,52,Female,71352,Nice,Sports,1246.16,10,200,0
139,18,Female,48911,Lyon,Sports,250.29,8,276,0
140,52,Female,50784,Lyon,Beauty,1954.16,3,16,0
141,54,Female,21191,Toulouse,Beauty,381.99,8,173,0
142,64,Male,51160,Nice,Beauty,896.1,6,248,0
143,31,Female,108536,Toulouse,Electronics,981.35,13,218,0
144,20,Male,82641,Toulouse,Fashion,1627.99,6,87,0
145,18,Female,67723,Lyon,Home,207.47,6,82,0
146,22,Male,21631,Toulouse,Electronics,863.0,3,62,0
147,43,Male,24172,Lyon,Fashion,1260.72,10,287,0
148,31,Female,60080,Paris,Fashion,438.16,1,42,0
149,56,Male,107097,Nice,Sports,1258.66,12,12,0
150,44,Male,108353,Toulouse,Sports,1848.09,14,321,0
151,26,Female,38281,Lyon,Electronics,1995.06,4,234,0
152,32,Male,46671,Marseille,Sports,74.58,10,329,0
153,32,Female,69431,Toulouse,Fashion,478.82,12,131,0
154,43,Female,108900,Paris,Sports,627.51,6,115,0
155,59,Female,110961,Paris,Beauty,804.26,11,218,0
156,30,Male,46602,Marseille,Sports,492.09,12,137,0
157,68,Male,106789,Lyon,Fashion,414.94,10,106,0
158,49,Male,69399,Toulouse,Electronics,1909.56,2,179,1
159,56,Female,41472,Lyon,Home,1837.86,7,16,0
160,66,Male,67230,Paris,Sports,103.52,7,242,0
161,69,Female,91616,Lyon,Fashion,684.24,11,334,0
162,49,Female,25099,Paris,Home,816.25,4,226,0
163,21,Male,43431,Lyon,Home,485.64,4,242,0
164,47,Female,74492,Marseille,Beauty,1261.46,1,141,0
165,54,Male,114722,Nice,Home,1284.36,13,199,0
166,40,Male,65684,Marseille,Fashion,1702.5,2,112,0
167,56,Male,48111,Marseille,Fashion,1484.33,9,127,0
168,62,Male,81936,Nice,Sports,1089.72,10,21,0
169,32,Male,40614,Nice,Sports,1310.64,8,147,0
170,60,Female,110260,Toulouse,Sports,555.24,8,89,0
171,46,Female,59991,Toulouse,Home,1190.18,9,303,0
172,53,Female,88476,Marseille,Home,983.56,7,203,0
173,30,Male,78920,Marseille,Beauty,275.36,13,85,0
174,49,Male,112294,Paris,Sports,492.66,9,167,0
175,24,Male,81530,Paris,Electronics,590.47,10,72,0
176,68,Female,54224,Toulouse,Beauty,1849.38,12,298,0
177,39,Male,25788,Toulouse,Electronics,468.47,2,9,0
178,45,Female,46082,Paris,Home,585.6,6,281,0
179,19,Female,107570,Paris,Beauty,745.01,3,258,0
180,59,Male,119015,Lyon,Beauty,1330.85,11,275,0
181,62,Male,94816,Lyon,Fashion,245.29,6,238,0
182,23,Female,101588,Paris,Home,1908.35,3,20,0
183,45,Male,34531,Lyon,Home,1732.49,8,233,0
184,45,Female,106340,Nice,Beauty,1158.66,11,221,0
185,61,Male,112439,Toulouse,Home,1351.34,13,326,0
186,61,Male,62857,Toulouse,Beauty,43.15,4,17,0
187,37,Female,28142,Paris,Fashion,684.5,12,89,0
188,47,Male,66355,Marseille,Beauty,1593.36,10,196,0
189,28,Female,27866,Paris,Home,164.19,6,350,0
190,45,Male,88067,Lyon,Home,571.8,9,84,0
191,42,Female,82027,Marseille,Beauty,1174.74,2,87,0
192,56,Female,75906,Lyon,Beauty,520.26,2,307,1
193,50,Male,46138,Nice,Beauty,1868.62,7,338,0
194,18,Female,110601,Lyon,Sports,270.81,2,154,1
195,44,Male,47956,Nice,Home,1596.81,2,228,1
196,69,Male,94295,Nice,Home,1020.82,4,264,0
197,30,Male,23439,Lyon,Sports,1503.16,9,223,0
198,58,Female,65241,Lyon,Beauty,628.32,8,121,0
199,20,Female,60533,Nice,Fashion,1033.83,2,173,1
200,56,Male,46270,Marseille,Beauty,1715.1,8,4,0
201,23,Male,96815,Nice,Beauty,939.09,4,342,0
202,25,Female,57279,Toulouse,Sports,725.84,2,128,0
203,44,Male,41888,Nice,Home,1076.95,11,110,0
204,26,Male,35630,Marseille,Beauty,1437.55,10,355,0
205,54,Female,79063,Toulouse,Home,892.69,7,37,0
206,50,Male,53144,Paris,Electronics,1878.37,6,71,0
207,68,Female,70161,Paris,Home,596.94,14,289,0
208,59,Male,114718,Marseille,Fashion,956.17,10,31,0
209,61,Female,109074,Nice,Fashion,1516.29,5,268,0
210,41,Male,95360,Lyon,Beauty,1381.35,11,11,0
211,32,Male,68979,Marseille,Home,1728.65,1,344,1
212,49,Female,115661,Toulouse,Beauty,1993.65,2,328,1
213,49,Male,24979,Toulouse,Sports,859.45,8,32,0
214,41,Female,44189,Paris,Fashion,231.19,1,57,0
215,58,Male,60600,Toulouse,Beauty,70.53,3,166,0
216,69,Female,77560,Marseille,Sports,1456.49,2,188,1
217,66,Female,96040,Toulouse,Beauty,1749.29,5,342,0
218,66,Female,79558,Marseille,Home,449.22,4,19,0
219,69,Female,104205,Lyon,Home,325.31,13,116,0
220,29,Male,24910,Paris,Home,133.79,7,184,0
221,56,Male,75713,Toulouse,Home,1647.18,5,270,0
222,19,Female,64857,Marseille,Electronics,629.65,8,33,0
223,20,Female,52964,Nice,Sports,809.38,4,10,0
224,66,Female,103667,Paris,Sports,1010.47,12,80,0
225,54,Male,43227,Lyon,Home,1680.51,6,192,0
226,66,Male,23978,Marseille,Electronics,1305.16,4,320,0
227,34,Male,105527,Lyon,Home,1233.98,2,190,1
228,66,Male,35153,Lyon,Electronics,359.59,1,68,0
229,19,Female,77765,Toulouse,Home,1031.25,14,348,0
230,19,Female,117084,Toulouse,Fashion,1433.61,14,125,0
231,45,Female,57071,Marseille,Fashion,1946.79,1,336,1
232,40,Male,87519,Nice,Beauty,410.8,8,59,0
233,54,Male,27503,Marseille,Home,28.99,14,97,0
234,49,Male,78703,Nice,Sports,159.85,4,275,0
235,50,Female,82379,Lyon,Beauty,757.95,5,149,0
236,18,Female,113457,Paris,Fashion,1642.88,11,278,0
237,36,Male,75866,Marseille,Home,24.21,8,265,0
238,19,Female,34905,Marseille,Beauty,918.89,12,9,0
239,61,Male,63838,Nice,Home,665.17,7,283,0
240,43,Male,76279,Lyon,Fashion,114.44,13,273,0
241,49,Female,107489,Lyon,Beauty,905.97,8,301,0
242,23,Male,44806,Nice,Fashion,516.95,13,8,0
243,49,Female,63000,Lyon,Electronics,710.25,8,208,0
244,21,Male,40168,Toulouse,Fashion,1414.17,6,125,0
245,28,Female,88119,Paris,Home,1047.89,10,123,0
246,34,Female,56714,Marseille,Sports,258.05,2,33,0
247,55,Female,72093,Paris,Fashion,1923.21,6,1,0
248,41,Male,73419,Marseille,Sports,1275.46,14,204,0
249,22,Male,67145,Toulouse,Electronics,1534.08,1,6,0
250,69,Female,95425,Lyon,Beauty,167.63,1,297,1
251,51,Female,110949,Nice,Beauty,103.65,11,5,0
252,23,Male,95811,Toulouse,Sports,48.7,3,80,0
253,39,Male,20461,Paris,Beauty,385.7,3,274,0
254,28,Male,32291,Nice,Fashion,834.67,11,177,0
255,65,Female,64804,Lyon,Sports,1872.29,13,338,0
256,33,Male,94971,Toulouse,Home,919.55,5,321,0
257,50,Male,111471,Nice,Fashion,587.61,1,339,1
258,26,Female,82946,Toulouse,Fashion,1128.25,10,136,0
259,23,Male,116989,Toulouse,Fashion,232.75,6,25,0
260,33,Male,102080,Lyon,Home,1222.92,7,325,0
261,46,Male,79332,Marseille,Electronics,1141.18,10,183,0
262,20,Female,95794,Nice,Beauty,1586.07,12,168,0
263,37,Female,48841,Lyon,Sports,1973.51,13,338,0
264,53,Female,66758,Toulouse,Electronics,509.24,11,178,0
265,36,Female,94272,Lyon,Sports,1024.22,3,95,0
266,43,Female,55643,Marseille,Beauty,1818.64,4,33,0
267,20,Female,68408,Nice,Home,1572.53,10,111,0
268,36,Female,61950,Marseille,Fashion,979.94,11,146,0
269,37,Male,74849,Paris,Fashion,1891.29,10,231,0
270,49,Male,118500,Nice,Home,123.9,14,272,0
271,24,Female,46044,Marseille,Electronics,1862.69,12,336,0
272,69,Male,33997,Toulouse,Electronics,110.51,10,38,0
273,58,Male,97751,Nice,Sports,1099.14,14,135,0
274,50,Female,116605,Nice,Home,1781.98,10,334,0
275,57,Male,41911,Lyon,Electronics,532.81,10,235,0
276,56,Male,73533,Toulouse,Home,949.77,3,319,0
277,35,Male,100566,Paris,Beauty,655.41,1,345,1
278,57,Male,112870,Marseille,Fashion,1904.77,8,160,0
279,18,Male,32571,Lyon,Fashion,1649.05,13,38,0
280,28,Female,112463,Marseille,Fashion,1420.91,10,150,0
281,45,Female,75941,Paris,Home,1179.38,10,308,0
282,42,Female,76005,Paris,Home,1642.98,2,29,0
283,67,Male,104250,Nice,Sports,790.61,1,144,0
284,40,Female,76712,Paris,Fashion,900.63,14,76,0
285,48,Male,61541,Marseille,Sports,1462.7,8,145,0
286,47,Male,41387,Toulouse,Fashion,721.93,7,229,0
287,59,Male,111980,Toulouse,Sports,137.16,7,64,0
288,52,Male,66908,Nice,Sports,157.93,4,347,0
289,24,Female,103457,Marseille,Beauty,239.57,11,345,0
290,33,Female,31057,Marseille,Sports,1740.67,9,269,0
291,43,Male,82028,Paris,Home,949.73,6,328,0
292,65,Female,73731,Marseille,Sports,1428.64,2,184,1
293,69,Male,42858,Lyon,Fashion,791.89,14,261,0
294,66,Female,66689,Paris,Sports,524.83,1,268,1
295,19,Female,62638,Lyon,Electronics,700.91,1,169,1
296,18,Male,109598,Nice,Fashion,1590.42,9,259,0
297,65,Female,64486,Toulouse,Electronics,1254.18,4,227,0
298,29,Male,38567,Nice,Fashion,1875.9,5,33,0
299,22,Female,47739,Toulouse,Home,1362.61,3,214,0
300,54,Male,75804,Nice,Home,1144.66,4,50,0
301,49,Male,21754,Marseille,Home,1224.29,12,210,0
302,26,Female,45044,Lyon,Electronics,1885.32,8,29,0
303,58,Female,85260,Toulouse,Beauty,1578.52,13,39,0
304,52,Male,84912,Paris,Fashion,57.84,4,347,0
305,36,Female,26706,Lyon,Home,1072.94,9,100,0
306,65,Female,26894,Paris,Fashion,1379.79,9,173,0
307,33,Male,36037,Lyon,Electronics,1499.91,6,17,0
308,20,Male,101986,Lyon,Beauty,434.15,2,56,0
309,37,Female,99942,Nice,Electronics,1735.68,12,226,0
310,41,Male,69612,Toulouse,Fashion,1912.13,10,46,0
311,50,Male,47725,Toulouse,Beauty,481.06,11,67,0
312,41,Male,23926,Lyon,Beauty,1766.4,7,197,0
313,69,Female,27496,Marseille,Electronics,202.99,9,142,0
314,28,Female,74447,Marseille,Home,120.86,6,323,0
315,66,Male,119604,Paris,Fashion,267.16,3,23,0
316,25,Female,47806,Paris,Sports,124.9,14,94,0
317,53,Male,106199,Nice,Sports,1691.57,7,242,0
318,55,Female,59321,Lyon,Electronics,127.51,5,237,0
319,57,Male,83095,Paris,Fashion,550.61,1,54,0
320,37,Male,40656,Paris,Fashion,216.48,3,138,0
321,52,Female,73147,Lyon,Electronics,597.89,5,333,0
322,65,Male,109396,Nice,Fashion,190.21,7,272,0
323,42,Female,67666,Paris,Home,1339.33,3,41,0
324,52,Female,100368,Nice,Electronics,275.32,6,98,0
325,42,Male,56787,Toulouse,Home,1705.17,5,183,0
326,46,Male,80946,Nice,Fashion,1636.21,13,128,0
327,35,Female,39727,Marseille,Electronics,37.19,1,229,1
328,63,Male,113081,Marseille,Fashion,1792.5,10,317,0
329,35,Male,86056,Nice,Electronics,67.6,6,86,0
330,19,Male,21081,Marseille,Fashion,486.9,14,256,0
331,52,Male,52196,Toulouse,Home,74.45,8,209,0
332,33,Male,54735,Lyon,Home,678.33,13,215,0
333,58,Female,98102,Marseille,Fashion,1032.59,13,100,0
334,53,Female,97578,Marseille,Electronics,1595.32,1,49,0
335,50,Male,43498,Nice,Sports,682.58,2,201,1
336,21,Male,94865,Toulouse,Home,1413.93,14,258,0
337,50,Male,49656,Lyon,Home,383.13,4,178,0
338,31,Female,85695,Nice,Sports,1503.69,12,245,0
339,38,Male,55900,Nice,Fashion,479.63,2,123,0
340,65,Female,102899,Toulouse,Electronics,295.65,11,342,0
341,37,Female,65701,Lyon,Fashion,378.96,9,171,0
342,25,Female,37033,Toulouse,Beauty,372.31,10,333,0
343,24,Male,28805,Lyon,Home,1030.6,8,136,0
344,20,Female,53851,Toulouse,Beauty,1691.15,8,59,0
345,34,Male,44832,Nice,Home,168.41,4,193,0
346,50,Female,81437,Nice,Home,1416.84,5,268,0
347,65,Male,31944,Paris,Beauty,1312.15,4,260,0
348,29,Female,37873,Marseille,Beauty,1746.31,13,95,0
349,68,Male,58372,Toulouse,Fashion,495.85,9,125,0
350,39,Female,107464,Paris,Beauty,905.72,13,41,0
351,39,Male,33379,Marseille,Fashion,1852.4,2,254,1
352,63,Male,54751,Toulouse,Fashion,1323.39,13,7,0
353,47,Male,118082,Lyon,Fashion,783.65,11,216,0
354,55,Male,107822,Marseille,Home,271.51,8,69,0
355,55,Female,23110,Nice,Home,532.35,2,69,0
356,62,Female,72341,Paris,Beauty,1166.62,1,81,0
357,68,Male,30087,Marseille,Home,1439.15,10,30,0
358,25,Female,41762,Marseille,Beauty,257.6,3,73,0
359,44,Male,100617,Nice,Home,1203.2,9,262,0
360,44,Male,118483,Toulouse,Electronics,1105.2,12,89,0
361,51,Female,27596,Lyon,Electronics,1032.77,3,208,0
362,38,Male,36313,Nice,Beauty,1383.35,9,213,0
363,47,Male,84549,Lyon,Home,1676.52,7,322,0
364,50,Female,41705,Toulouse,Home,652.75,13,266,0
365,45,Male,85364,Marseille,Fashion,1779.13,10,293,0
366,64,Male,91445,Lyon,Sports,329.66,1,207,1
367,50,Male,96645,Paris,Beauty,354.32,10,333,0
368,22,Male,20023,Paris,Sports,540.88,5,77,0
369,65,Female,77796,Nice,Sports,247.87,9,288,0
370,36,Female,98073,Toulouse,Beauty,468.34,12,47,0
371,21,Female,110197,Nice,Home,221.76,3,110,0
372,52,Male,82429,Nice,Beauty,1645.29,9,200,0
373,66,Male,79627,Nice,Sports,286.55,5,210,0
374,34,Female,51848,Paris,Home,1497.12,9,154,0
375,61,Male,55804,Paris,Electronics,105.35,10,10,0
376,45,Male,33379,Nice,Beauty,1897.56,6,353,0
377,47,Male,77664,Paris,Beauty,1425.21,9,157,0
378,46,Male,45766,Toulouse,Home,23.53,7,261,0
379,63,Female,86099,Nice,Electronics,1530.07,7,77,0
380,23,Female,54060,Paris,Electronics,1033.02,8,257,0
381,52,Female,112733,Lyon,Home,1560.94,7,131,0
382,58,Male,87122,Nice,Fashion,1049.77,12,67,0
383,54,Female,34087,Nice,Beauty,1285.64,9,228,0
384,41,Female,66868,Toulouse,Beauty,1574.8,11,163,0
385,46,Male,41225,Marseille,Sports,816.17,9,15,0
386,66,Male,113286,Marseille,Home,15.39,6,232,0
387,63,Female,24643,Toulouse,Sports,1701.39,7,195,0
388,48,Female,111059,Toulouse,Sports,767.97,2,349,1
389,52,Female,54727,Toulouse,Electronics,997.13,9,30,0
390,50,Female,29005,Marseille,Beauty,25.46,12,359,0
391,69,Male,83697,Toulouse,Sports,989.26,13,338,0
392,38,Female,34029,Paris,Electronics,1973.11,1,331,1
393,49,Female,32226,Nice,Home,563.75,1,316,1
394,40,Male,81646,Nice,Sports,796.88,3,296,0
395,50,Female,78603,Lyon,Beauty,1377.51,12,330,0
396,20,Male,46731,Lyon,Sports,1631.44,6,220,0
397,35,Male,86926,Nice,Home,840.61,5,147,0
398,42,Male,23997,Paris,Sports,626.24,2,259,1
399,59,Female,73506,Marseille,Beauty,1876.27,9,292,0
400,48,Female,96229,Marseille,Electronics,1357.52,14,299,0
401,20,Male,67815,Paris,Beauty,246.85,13,143,0
402,57,Female,60092,Marseille,Electronics,147.17,10,235,0
403,63,Female,80539,Toulouse,Fashion,972.26,14,115,0
404,41,Male,84077,Nice,Beauty,447.98,4,90,0
405,67,Male,39817,Nice,Beauty,515.43,4,208,0
406,49,Female,55861,Paris,Home,1756.61,5,164,0
407,64,Male,31428,Marseille,Sports,188.24,8,84,0
408,39,Female,61934,Lyon,Electronics,1433.57,10,77,0
409,40,Female,28258,Lyon,Electronics,549.57,4,161,0
410,19,Female,75775,Marseille,Home,1523.05,5,5,0
411,44,Female,99580,Lyon,Home,1447.6,12,78,0
412,59,Male,112947,Paris,Sports,24.71,4,91,0
413,19,Male,23469,Paris,Sports,1023.18,14,87,0
414,43,Male,46854,Marseille,Beauty,287.25,6,270,0
415,34,Male,24256,Lyon,Fashion,1733.79,12,104,0
416,57,Female,94256,Paris,Sports,1744.46,3,339,0
417,50,Female,51937,Paris,Home,842.51,8,175,0
418,26,Male,117134,Toulouse,Sports,894.35,6,54,0
419,60,Female,19651,Toulouse,Electronics,613.53,10,211,0
420,65,Female,68288,Paris,Fashion,1436.05,5,95,0
421,56,Female,102730,Marseille,Beauty,723.74,13,223,0
422,46,Male,43051,Nice,Electronics,542.91,2,9,0
423,59,Male,45386,Nice,Electronics,870.14,10,53,0
424,43,Male,93054,Paris,Fashion,192.06,10,77,0
425,52,Female,34184,Paris,Beauty,1495.74,7,206,0
426,67,Male,51787,Paris,Home,35.07,2,316,1
427,42,Male,39621,Marseille,Beauty,1292.53,1,302,1
428,41,Male,93564,Toulouse,Sports,373.9,7,310,0
429,30,Male,95984,Paris,Electronics,472.48,5,330,0
430,24,Male,77792,Paris,Sports,1274.91,1,112,0
431,53,Male,63253,Lyon,Home,1985.96,4,351,0
432,62,Female,52051,Marseille,Sports,1557.66,12,165,0
433,37,Female,67811,Paris,Beauty,459.42,13,279,0
434,18,Male,48447,Lyon,Sports,360.29,4,27,0
435,25,Male,101930,Nice,Home,1733.8,10,70,0
436,63,Female,118037,Paris,Home,893.93,7,218,0
437,33,Female,48254,Paris,Home,282.74,9,189,0
438,31,Male,102045,Lyon,Beauty,1725.8,2,333,1
439,29,Male,75418,Marseille,Home,1634.02,12,306,0
440,68,Male,32472,Paris,Electronics,1967.97,14,124,0
441,40,Male,21471,Nice,Home,1820.39,1,19,0
442,32,Female,113804,Paris,Sports,1705.06,2,257,1
443,45,Male,26329,Nice,Sports,114.62,7,296,0
444,51,Male,52865,Toulouse,Sports,217.79,13,22,0
445,19,Male,64850,Toulouse,Beauty,1142.28,10,40,0
446,49,Male,72220,Nice,Sports,1067.64,6,38,0
447,40,Female,111808,Marseille,Beauty,921.35,4,48,0
448,39,Female,24397,Paris,Beauty,799.61,1,183,1
449,68,Female,115909,Paris,Home,868.11,13,75,0
450,42,Male,53525,Toulouse,Electronics,1142.9,1,209,1
451,39,Male,71072,Nice,Home,14.13,5,183,0
452,39,Female,108106,Paris,Home,528.81,1,107,0
453,66,Male,101820,Paris,Beauty,1041.38,12,188,0
454,69,Male,102530,Marseille,Beauty,1447.21,7,264,0
455,59,Female,41284,Lyon,Sports,356.57,13,86,0
456,23,Female,79330,Toulouse,Sports,1098.29,11,324,0
457,32,Female,101369,Toulouse,Home,1431.77,1,331,1
458,60,Female,43122,Lyon,Fashion,894.81,1,137,0
459,54,Male,88553,Paris,Fashion,63.89,2,346,1
460,50,Male,99906,Marseille,Sports,904.04,13,336,0
461,25,Female,112788,Marseille,Fashion,599.93,14,95,0
462,61,Male,80812,Toulouse,Sports,1860.0,11,326,0
463,61,Female,25999,Marseille,Beauty,257.98,12,245,0
464,22,Female,40436,Lyon,Home,1308.43,10,90,0
465,56,Male,60963,Paris,Electronics,114.91,3,59,0
466,21,Female,20096,Lyon,Home,897.88,13,28,0
467,23,Male,43279,Nice,Sports,1112.42,11,72,0
468,62,Male,44201,Toulouse,Sports,602.93,1,270,1
469,49,Male,37715,Marseille,Home,915.6,9,24,0
470,69,Male,47309,Nice,Sports,335.47,10,112,0
471,47,Female,33078,Marseille,Fashion,615.21,8,300,0
472,64,Male,74614,Paris,Fashion,1246.0,5,56,0
473,52,Female,23105,Paris,Sports,610.58,13,223,0
474,57,Female,112848,Paris,Sports,1800.49,11,120,0
475,69,Female,20839,Marseille,Fashion,1260.53,2,179,1
476,33,Female,86920,Nice,Sports,882.91,5,288,0
477,30,Male,61619,Paris,Sports,87.13,6,281,0
478,67,Male,60821,Nice,Home,1004.1,14,189,0
479,59,Female,31493,Marseille,Electronics,1531.9,1,66,0
480,47,Female,35069,Nice,Fashion,538.46,11,298,0
481,36,Male,25531,Marseille,Home,1615.48,4,249,0
482,34,Female,55051,Marseille,Electronics,511.1,9,76,0
483,36,Male,25736,Toulouse,Sports,1649.26,2,137,0
484,45,Female,25710,Marseille,Sports,179.68,5,164,0
485,43,Male,85155,Marseille,Home,1733.71,1,233,1
486,54,Female,31975,Lyon,Sports,1003.38,4,255,0
487,43,Female,80424,Paris,Beauty,600.11,4,294,0
488,40,Male,63603,Toulouse,Home,537.58,6,170,0
489,26,Female,41252,Toulouse,Electronics,869.7,10,317,0
490,29,Female,98797,Toulouse,Home,1998.11,9,174,0
491,18,Male,19431,Lyon,Fashion,448.45,3,345,0
492,18,Female,92603,Marseille,Home,215.4,9,18,0
493,64,Male,55481,Paris,Sports,1174.22,6,70,0
494,51,Male,110573,Nice,Sports,982.2,7,338,0
495,49,Female,27557,Marseille,Beauty,1053.15,12,116,0
496,65,Female,92971,Lyon,Beauty,1337.2,10,80,0
497,42,Female,18162,Marseille,Beauty,541.62,2,15,0
498,57,Female,52742,Marseille,Electronics,1822.22,11,176,0
499,62,Female,37675,Lyon,Beauty,876.99,10,269,0
500,18,Female,91997,Toulouse,Electronics,266.88,14,119,0
501,33,Female,35015,Toulouse,Beauty,1487.17,6,299,0
502,56,Male,68057,Paris,Electronics,1289.78,6,188,0
503,22,Female,50591,Paris,Home,638.33,2,57,0
504,39,Male,111583,Toulouse,Home,1246.82,2,199,1
505,46,Female,118318,Nice,Sports,447.53,14,17,0
506,20,Female,27833,Marseille,Electronics,895.23,2,288,1
507,29,Male,25896,Nice,Fashion,1799.83,10,55,0
508,43,Female,50972,Marseille,Sports,275.73,12,269,0
509,33,Female,67733,Toulouse,Home,779.53,1,303,1
510,68,Male,59800,Paris,Electronics,1644.07,5,87,0
511,54,Female,114044,Paris,Beauty,1939.29,8,318,0
512,39,Female,23347,Nice,Fashion,913.31,2,29,0
513,46,Female,77063,Paris,Home,1018.93,13,22,0
514,31,Male,113850,Toulouse,Sports,1148.62,5,321,0
515,45,Female,20643,Nice,Electronics,1865.37,12,285,0
516,22,Female,58785,Marseille,Fashion,1717.83,8,48,0
517,64,Female,36681,Paris,Electronics,349.5,10,5,0
518,66,Female,68026,Lyon,Beauty,879.15,14,250,0
519,47,Male,33892,Paris,Sports,933.36,5,163,0
520,63,Male,65299,Marseille,Electronics,1580.3,2,202,1
521,69,Female,35073,Nice,Home,1209.76,3,101,0
522,22,Female,48682,Marseille,Sports,1311.9,6,71,0
523,29,Male,115798,Lyon,Home,1996.42,11,163,0
524,33,Male,114894,Toulouse,Electronics,159.17,11,173,0
525,43,Female,32289,Paris,Sports,453.79,5,141,0
526,43,Male,25927,Nice,Home,821.71,11,138,0
527,65,Female,66330,Toulouse,Beauty,702.09,4,66,0
528,38,Male,84707,Marseille,Beauty,53.07,4,198,0
529,56,Male,95454,Nice,Electronics,192.64,5,328,0
530,53,Male,83428,Toulouse,Sports,1365.1,2,228,1
531,50,Male,68601,Nice,Fashion,1759.86,9,281,0
532,47,Female,95465,Lyon,Sports,1033.31,2,172,1
533,54,Male,20539,Lyon,Beauty,1082.99,10,316,0
534,40,Male,40669,Paris,Home,517.64,2,40,0
535,27,Female,88968,Paris,Fashion,1538.07,10,7,0
536,22,Male,38644,Lyon,Electronics,1506.07,14,174,0
537,53,Male,36745,Nice,Fashion,1180.85,9,151,0
538,51,Female,46228,Lyon,Electronics,433.2,14,211,0
539,69,Male,52521,Paris,Fashion,203.07,3,302,0
540,48,Female,115239,Lyon,Electronics,137.83,10,86,0
541,27,Female,44928,Lyon,Electronics,1189.47,7,253,0
542,36,Female,36322,Nice,Fashion,1651.82,4,21,0
543,49,Female,75714,Toulouse,Fashion,1718.08,13,257,0
544,18,Male,105896,Paris,Electronics,932.61,13,33,0
545,22,Female,80292,Nice,Beauty,1570.7,6,260,0
546,62,Male,47055,Lyon,Fashion,1894.29,14,234,0
547,21,Male,60891,Lyon,Sports,557.59,4,3,0
548,33,Male,99912,Toulouse,Home,801.94,10,347,0
549,41,Male,24588,Paris,Electronics,1863.64,7,308,0
550,33,Male,108536,Paris,Electronics,683.08,1,227,1
551,19,Male,24304,Marseille,Home,1828.61,3,284,0
552,66,Male,25345,Paris,Beauty,1962.28,13,70,0
553,45,Male,47300,Toulouse,Home,1327.0,3,313,0
554,49,Male,42259,Marseille,Fashion,1635.61,1,364,1
555,44,Male,109006,Marseille,Home,1501.6,6,254,0
556,37,Female,106553,Lyon,Electronics,1402.07,13,144,0
557,41,Female,33352,Lyon,Home,620.79,11,24,0
558,29,Female,51365,Paris,Sports,123.62,14,234,0
559,67,Male,37446,Marseille,Fashion,692.67,9,333,0
560,52,Female,20336,Lyon,Home,1337.2,8,175,0
561,50,Female,80032,Toulouse,Electronics,214.03,11,332,0
562,50,Female,93415,Lyon,Fashion,33.72,7,325,0
563,68,Male,115852,Lyon,Electronics,287.99,10,357,0
564,60,Male,116876,Marseille,Beauty,1434.31,8,159,0
565,54,Male,25521,Marseille,Sports,1945.86,6,348,0
566,29,Male,89707,Nice,Beauty,1966.3,9,348,0
567,20,Female,41481,Toulouse,Sports,993.02,3,286,0
568,18,Female,36474,Marseille,Home,1740.01,10,18,0
569,50,Female,64760,Paris,Fashion,1476.28,10,44,0
570,57,Female,73718,Toulouse,Home,1007.07,9,155,0
571,27,Male,62629,Toulouse,Sports,1149.79,4,355,0
572,60,Male,63232,Marseille,Sports,283.08,7,231,0
573,61,Male,104544,Toulouse,Sports,1875.95,13,316,0
574,46,Female,85169,Marseille,Electronics,710.34,9,225,0
575,30,Male,68669,Lyon,Fashion,897.84,2,217,1
576,29,Male,96021,Nice,Home,1346.6,2,56,0
577,48,Female,87184,Lyon,Home,674.47,9,31,0
578,63,Female,65945,Marseille,Beauty,515.98,12,357,0
579,19,Male,31140,Marseille,Sports,1265.79,13,59,0
580,68,Male,101457,Lyon,Sports,59.72,3,353,0
581,67,Male,32357,Paris,Sports,1444.24,9,235,0
582,52,Male,86673,Paris,Home,1032.91,13,107,0
583,40,Male,83633,Paris,Beauty,1215.45,5,191,0
584,34,Male,94943,Marseille,Electronics,1267.44,6,18,0
585,43,Female,114111,Toulouse,Fashion,1058.83,2,226,1
586,25,Female,96258,Marseille,Electronics,1169.24,8,167,0
587,46,Female,30924,Toulouse,Home,1370.74,11,71,0
588,43,Male,87286,Lyon,Sports,1508.71,9,362,0
589,27,Female,111269,Nice,Fashion,1457.63,2,54,0
590,43,Male,92071,Toulouse,Home,1740.54,6,245,0
591,51,Male,75326,Paris,Home,386.99,6,350,0
592,68,Female,108023,Marseille,Home,808.28,8,76,0
593,58,Male,48651,Lyon,Fashion,1896.11,10,35,0
594,24,Male,88202,Paris,Fashion,799.22,12,267,0
595,21,Female,66777,Lyon,Beauty,258.49,5,317,0
596,67,Female,34994,Nice,Beauty,1055.64,9,300,0
597,62,Female,85263,Marseille,Electronics,227.89,1,121,0
598,28,Male,77634,Marseille,Fashion,413.68,9,324,0
599,46,Female,118158,Nice,Fashion,1996.65,10,25,0
600,53,Female,28800,Marseille,Fashion,1087.31,7,160,0
601,42,Male,55823,Toulouse,Beauty,575.28,4,84,0
602,38,Female,81878,Lyon,Home,1989.6,3,114,0
603,53,Female,36708,Paris,Sports,1933.45,14,223,0
604,27,Female,30819,Nice,Beauty,887.07,10,166,0
605,54,Male,92905,Toulouse,Fashion,528.2,11,191,0
606,26,Male,81870,Paris,Beauty,1678.42,14,175,0
607,41,Male,27283,Paris,Electronics,1434.09,6,1,0
608,52,Male,48573,Nice,Fashion,1377.01,12,229,0
609,66,Female,96707,Toulouse,Electronics,1787.3,13,86,0
610,52,Male,48933,Paris,Fashion,1381.94,1,62,0
611,65,Male,23774,Paris,Beauty,574.76,3,320,0
612,53,Female,90055,Toulouse,Home,1390.79,2,206,1
613,35,Female,28983,Marseille,Sports,618.57,11,105,0
614,66,Female,114468,Paris,Electronics,1520.89,13,318,0
615,56,Male,114334,Lyon,Beauty,1243.3,9,291,0
616,49,Male,36133,Toulouse,Home,164.05,3,250,0
617,41,Male,32939,Paris,Beauty,1030.54,13,13,0
618,40,Female,18781,Nice,Electronics,693.17,2,163,1
619,49,Female,74700,Lyon,Sports,663.86,4,43,0
620,54,Male,45624,Paris,Beauty,1208.49,14,111,0
621,29,Female,24823,Lyon,Fashion,651.43,2,205,1
622,66,Female,36489,Lyon,Home,1556.02,1,256,1
623,30,Female,57961,Marseille,Beauty,150.87,6,307,0
624,40,Male,47118,Lyon,Home,1324.17,10,144,0
625,42,Female,118417,Marseille,Fashion,1620.3,8,146,0
626,52,Female,99816,Toulouse,Sports,1348.94,10,301,0
627,58,Male,40263,Marseille,Sports,999.49,10,164,0
628,47,Male,31565,Nice,Fashion,1901.11,2,169,1
629,34,Female,38354,Paris,Home,606.88,14,298,0
630,66,Female,60951,Toulouse,Beauty,48.14,9,233,0
631,37,Male,109179,Toulouse,Fashion,869.66,13,271,0
632,65,Male,41648,Nice,Electronics,75.69,3,60,0
633,42,Female,68729,Marseille,Home,1908.33,8,296,0
634,39,Female,59971,Paris,Sports,427.74,12,235,0
635,30,Female,36658,Marseille,Fashion,1579.96,8,165,0
636,36,Female,39253,Lyon,Sports,1551.4,3,194,0
637,66,Male,82166,Marseille,Home,443.28,3,234,0
638,53,Female,66563,Toulouse,Sports,1246.24,12,183,0
639,29,Female,44390,Paris,Fashion,105.68,6,333,0
640,58,Male,106664,Marseille,Home,972.31,1,232,1
641,36,Female,69578,Paris,Electronics,39.15,4,361,0
642,29,Male,97025,Paris,Fashion,1843.08,1,107,0
643,26,Female,50658,Lyon,Beauty,1952.41,14,223,0
644,24,Female,24852,Lyon,Fashion,452.34,3,80,0
645,45,Male,112986,Toulouse,Home,424.13,9,234,0
646,31,Male,20551,Nice,Fashion,1509.9,14,184,0
647,48,Female,89947,Paris,Electronics,514.23,14,185,0
648,69,Female,79001,Nice,Electronics,1791.2,5,134,0
649,36,Female,67159,Toulouse,Beauty,1152.12,12,220,0
650,64,Male,69707,Paris,Sports,708.05,5,288,0
651,33,Female,51243,Paris,Home,1667.06,11,364,0
652,22,Male,39800,Nice,Home,991.88,4,202,0
653,52,Male,93939,Marseille,Sports,1824.15,3,146,0
654,29,Female,75828,Lyon,Electronics,1856.75,5,324,0
655,42,Male,25239,Marseille,Electronics,339.19,14,127,0
656,69,Female,24710,Nice,Fashion,14.62,11,135,0
657,38,Female,39384,Lyon,Beauty,1968.02,4,114,0
658,53,Female,39038,Marseille,Beauty,1813.21,8,264,0
659,40,Female,58846,Lyon,Beauty,120.34,4,64,0
660,33,Female,105983,Paris,Fashion,1667.74,11,135,0
661,56,Male,85821,Marseille,Beauty,921.03,12,41,0
662,62,Male,55991,Lyon,Sports,525.33,8,296,0
663,59,Female,97057,Lyon,Fashion,1758.71,6,3,0
664,56,Female,24971,Lyon,Sports,401.37,14,194,0
665,31,Male,47139,Marseille,Fashion,1895.13,12,110,0
666,48,Male,103445,Toulouse,Beauty,419.19,11,221,0
667,22,Male,95067,Marseille,Sports,1231.23,5,4,0
668,52,Male,98257,Nice,Sports,453.94,4,244,0
669,40,Female,102742,Marseille,Sports,1095.88,4,166,0
670,46,Female,55711,Lyon,Fashion,1371.11,12,26,0
671,60,Male,24530,Paris,Home,388.55,4,17,0
672,28,Female,29116,Marseille,Beauty,1046.56,11,216,0
673,35,Male,83794,Marseille,Sports,943.43,13,92,0
674,64,Female,18282,Lyon,Home,151.36,13,31,0
675,29,Male,97473,Paris,Beauty,1638.43,9,205,0
676,26,Female,19898,Paris,Beauty,678.01,4,207,0
677,27,Male,22135,Nice,Sports,1153.42,12,107,0
678,61,Male,24629,Marseille,Sports,1034.42,9,146,0
679,34,Female,103120,Paris,Fashion,1031.39,13,101,0
680,55,Male,107087,Paris,Home,223.37,10,318,0
681,24,Female,83031,Toulouse,Home,852.73,6,241,0
682,63,Female,51380,Toulouse,Sports,910.21,10,247,0
683,30,Male,35071,Paris,Beauty,1469.95,13,163,0
684,57,Female,38074,Nice,Sports,1681.64,7,173,0
685,59,Female,108724,Paris,Beauty,1094.51,12,35,0
686,26,Female,85843,Lyon,Beauty,182.7,10,284,0
687,67,Female,57901,Marseille,Sports,481.33,3,359,0
688,44,Female,29205,Nice,Electronics,338.22,8,358,0
689,19,Male,73661,Lyon,Home,257.98,3,21,0
690,22,Female,23906,Nice,Beauty,738.14,1,308,1
691,46,Female,20591,Lyon,Beauty,466.49,13,163,0
692,54,Female,80987,Marseille,Electronics,444.42,13,97,0
693,55,Female,81370,Marseille,Fashion,118.84,10,307,0
694,36,Female,98685,Toulouse,Electronics,45.16,12,339,0
695,25,Male,72400,Lyon,Electronics,214.51,5,55,0
696,65,Female,43150,Toulouse,Beauty,352.67,2,333,1
697,62,Male,49852,Lyon,Home,867.66,10,127,0
698,18,Male,60870,Toulouse,Electronics,1025.94,14,193,0
699,39,Male,70756,Marseille,Fashion,289.78,6,243,0
700,69,Male,74481,Nice,Sports,855.32,13,349,0
701,34,Female,19283,Toulouse,Electronics,690.08,10,88,0
702,24,Male,51691,Lyon,Electronics,375.01,9,336,0
703,42,Male,19125,Lyon,Fashion,23.61,1,215,1
704,62,Female,85065,Marseille,Home,939.37,14,92,0
705,21,Female,44170,Lyon,Electronics,1374.45,13,303,0
706,53,Female,26438,Paris,Electronics,460.29,4,235,0
707,23,Male,38095,Nice,Home,272.3,1,184,1
708,48,Female,34154,Toulouse,Fashion,1775.22,1,38,0
709,36,Female,26004,Nice,Electronics,557.3,8,139,0
710,61,Male,27752,Marseille,Home,454.99,14,195,0
711,56,Female,73426,Toulouse,Electronics,1715.62,14,15,0
712,44,Female,44819,Toulouse,Sports,1636.04,13,257,0
713,27,Female,110051,Paris,Beauty,902.21,14,135,0
714,43,Female,42217,Marseille,Sports,983.59,11,1,0
715,36,Male,106708,Lyon,Electronics,443.32,2,49,0
716,56,Female,50994,Paris,Fashion,165.82,1,96,0
717,20,Female,33036,Paris,Beauty,1151.13,11,201,0
718,62,Male,95275,Nice,Sports,205.71,8,26,0
719,30,Female,115756,Nice,Home,904.06,4,343,0
720,67,Male,67416,Nice,Fashion,1881.59,3,235,0
721,45,Female,27587,Paris,Sports,1906.14,13,349,0
722,37,Male,113665,Lyon,Home,486.27,12,244,0
723,45,Male,18645,Toulouse,Electronics,1251.99,4,358,0
724,25,Male,48930,Nice,Home,953.41,14,327,0
725,58,Male,99835,Lyon,Sports,1752.61,11,351,0
726,56,Female,48090,Marseille,Sports,550.15,5,51,0
727,18,Male,105489,Nice,Electronics,17.37,1,81,0
728,20,Female,70142,Toulouse,Home,333.5,14,36,0
729,30,Male,44475,Marseille,Home,705.55,11,67,0
730,45,Male,36888,Marseille,Electronics,638.29,1,129,0
731,66,Male,61732,Toulouse,Home,1584.81,3,155,0
732,42,Female,99623,Nice,Electronics,1364.32,6,245,0
733,50,Male,64305,Paris,Fashion,606.12,1,111,0
734,55,Female,64037,Toulouse,Sports,920.91,14,168,0
735,23,Female,27346,Toulouse,Fashion,200.16,11,142,0
736,61,Female,18587,Toulouse,Beauty,1797.31,12,356,0
737,62,Female,30763,Marseille,Beauty,1871.5,2,197,1
738,49,Female,77165,Lyon,Beauty,1959.81,12,109,0
739,62,Female,87615,Paris,Electronics,1738.42,14,79,0
740,64,Female,54116,Nice,Home,356.18,7,161,0
741,38,Female,103751,Nice,Fashion,101.93,14,19,0
742,33,Female,109353,Lyon,Fashion,1163.4,14,127,0
743,38,Male,108301,Toulouse,Fashion,1826.08,1,205,1
744,28,Male,113648,Paris,Fashion,362.93,13,29,0
745,54,Male,43556,Nice,Beauty,24.02,14,207,0
746,53,Male,77042,Nice,Fashion,1612.94,7,280,0
747,52,Male,36099,Toulouse,Home,162.82,4,151,0
748,36,Female,63096,Lyon,Beauty,833.28,10,240,0
749,37,Female,89986,Paris,Fashion,1360.99,14,266,0
750,35,Female,31230,Lyon,Electronics,481.23,6,182,0
751,64,Female,47009,Lyon,Sports,177.09,14,105,0
752,58,Female,88969,Paris,Sports,1542.34,8,236,0
753,66,Female,51866,Paris,Sports,1264.05,9,173,0
754,31,Female,102246,Nice,Beauty,1977.1,6,158,0
755,32,Male,94975,Nice,Fashion,695.17,12,172,0
756,48,Male,59855,Paris,Beauty,132.91,11,311,0
757,18,Male,99557,Marseille,Home,1471.36,13,157,0
758,20,Male,24416,Nice,Electronics,1048.25,14,258,0
759,33,Female,90516,Marseille,Electronics,434.28,9,164,0
760,40,Female,73915,Paris,Sports,1565.64,4,147,0
761,28,Female,36058,Nice,Sports,415.47,6,154,0
762,29,Male,94637,Lyon,Sports,528.72,8,38,0
763,27,Female,58718,Paris,Fashion,194.13,9,131,0
764,49,Female,50602,Toulouse,Home,804.87,3,358,0
765,33,Female,92658,Marseille,Home,843.67,2,255,1
766,25,Male,96112,Paris,Home,1033.98,6,208,0
767,55,Female,76067,Paris,Home,1420.84,4,95,0
768,29,Male,45516,Nice,Sports,1813.14,1,348,1
769,41,Male,105969,Nice,Electronics,284.09,8,327,0
770,45,Male,19089,Nice,Sports,118.15,9,171,0
771,25,Male,55346,Toulouse,Home,46.88,14,250,0
772,45,Female,92663,Nice,Sports,295.81,9,190,0
773,53,Male,28487,Paris,Home,1319.32,2,199,1
774,43,Male,18155,Nice,Beauty,1457.68,9,221,0
775,25,Female,85494,Lyon,Electronics,1575.15,7,24,0
776,67,Female,94229,Nice,Beauty,494.98,5,244,0
777,45,Male,56547,Toulouse,Fashion,618.73,7,324,0
778,45,Female,46795,Lyon,Sports,971.44,13,128,0
779,54,Male,73296,Paris,Fashion,135.73,9,93,0
780,58,Male,39447,Paris,Sports,1226.17,8,300,0
781,53,Male,54598,Marseille,Beauty,1967.63,6,133,0
782,44,Male,59814,Lyon,Home,728.0,13,55,0
783,34,Female,108751,Marseille,Home,1508.17,4,158,0
784,26,Male,93330,Lyon,Sports,1005.07,13,29,0
785,50,Female,116745,Lyon,Home,264.35,1,211,1
786,37,Female,105960,Toulouse,Beauty,1168.65,6,154,0
787,30,Female,81278,Marseille,Home,606.75,3,293,0
788,45,Female,73077,Toulouse,Beauty,78.46,6,222,0
789,65,Male,89906,Lyon,Fashion,1273.51,6,115,0
790,46,Female,27528,Paris,Beauty,1719.28,14,158,0
791,30,Male,111812,Lyon,Electronics,696.09,4,259,0
792,63,Female,68100,Toulouse,Electronics,786.69,2,251,1
793,52,Female,26179,Marseille,Electronics,1783.13,9,122,0
794,23,Male,66781,Marseille,Sports,1629.08,2,299,1
795,35,Male,73267,Toulouse,Sports,1432.76,3,263,0
796,68,Male,100379,Marseille,Sports,505.11,10,49,0
797,22,Female,41952,Nice,Beauty,1821.33,1,329,1
798,64,Female,71798,Paris,Sports,317.29,7,297,0
799,42,Male,116696,Paris,Fashion,1257.27,1,362,1
800,19,Male,68939,Paris,Electronics,67.31,11,77,0
801,27,Male,47516,Marseille,Beauty,1291.0,9,127,0
802,47,Male,74526,Marseille,Electronics,561.52,11,197,0
803,67,Female,28449,Lyon,Sports,904.86,11,221,0
804,62,Male,68290,Lyon,Beauty,697.08,1,91,0
805,22,Male,104661,Paris,Home,353.79,5,8,0
806,50,Male,90954,Nice,Fashion,1247.74,7,32,0
807,18,Male,40746,Lyon,Sports,1765.13,3,320,0
808,35,Female,85990,Lyon,Sports,1918.58,9,269,0
809,49,Male,76810,Marseille,Fashion,392.77,8,191,0
810,64,Female,101297,Nice,Fashion,1437.57,13,349,0
811,66,Male,33223,Paris,Home,1332.04,3,163,0
812,28,Male,90237,Lyon,Sports,693.32,5,61,0
813,38,Female,20597,Nice,Sports,48.01,7,264,0
814,43,Male,83677,Nice,Electronics,1382.68,12,285,0
815,42,Female,20659,Paris,Beauty,1891.53,14,95,0
816,39,Female,104516,Nice,Beauty,1267.92,4,41,0
817,44,Male,92567,Nice,Electronics,876.23,5,149,0
818,66,Female,33037,Nice,Beauty,1055.06,3,204,0
819,30,Female,64738,Lyon,Fashion,407.26,9,267,0
820,50,Female,89678,Paris,Beauty,1503.58,10,2,0
821,51,Female,30109,Nice,Beauty,1495.38,9,178,0
822,58,Female,40010,Nice,Electronics,299.58,7,194,0
823,52,Female,26787,Lyon,Home,1757.18,10,336,0
824,18,Female,26472,Paris,Beauty,545.69,2,196,1
825,38,Female,41383,Marseille,Beauty,1964.69,7,343,0
826,65,Male,79709,Lyon,Home,771.98,7,249,0
827,23,Male,87785,Paris,Electronics,363.99,11,212,0
828,45,Female,52518,Nice,Home,709.92,5,153,0
829,34,Male,71909,Paris,Electronics,885.96,9,158,0
830,22,Female,36351,Paris,Fashion,147.92,13,362,0
831,48,Female,87624,Paris,Electronics,1160.65,12,139,0
832,22,Male,71330,Marseille,Fashion,1199.29,11,221,0
833,55,Female,33282,Paris,Fashion,1480.47,3,273,0
834,20,Female,102866,Marseille,Electronics,68.05,4,154,0
835,40,Female,39778,Nice,Sports,1087.06,1,249,1
836,54,Female,42264,Marseille,Electronics,115.29,6,279,0
837,54,Male,77675,Nice,Beauty,1405.28,4,304,0
838,27,Female,23075,Nice,Beauty,120.9,1,276,1
839,27,Female,93948,Marseille,Sports,1824.34,2,2,0
840,36,Female,66454,Lyon,Fashion,1407.14,3,88,0
841,34,Male,46365,Toulouse,Sports,1019.71,9,287,0
842,38,Female,90766,Paris,Beauty,888.59,13,130,0
843,31,Male,66200,Toulouse,Sports,270.04,8,78,0
844,26,Male,29002,Paris,Electronics,589.09,7,260,0
845,63,Female,31947,Paris,Sports,1739.23,13,241,0
846,18,Female,97222,Nice,Fashion,1809.86,11,141,0
847,68,Male,112840,Paris,Electronics,11.49,12,228,0
848,62,Female,96610,Paris,Home,1192.33,14,163,0
849,30,Male,70142,Marseille,Beauty,1441.41,4,236,0
850,21,Male,74307,Toulouse,Beauty,1241.31,1,128,0
851,18,Female,22493,Marseille,Sports,172.54,8,200,0
852,66,Female,68085,Paris,Electronics,443.27,4,31,0
853,57,Male,52228,Nice,Home,508.18,3,138,0
854,49,Male,97676,Marseille,Electronics,1665.13,9,21,0
855,51,Male,69875,Marseille,Beauty,931.77,10,234,0
856,45,Male,49655,Lyon,Electronics,978.79,4,202,0
857,48,Female,61472,Paris,Home,1870.44,4,279,0
858,25,Female,67437,Nice,Sports,1277.8,14,131,0
859,56,Female,67416,Marseille,Fashion,1798.35,9,148,0
860,43,Female,77711,Marseille,Electronics,918.45,13,29,0
861,51,Female,24816,Nice,Fashion,307.38,12,361,0
862,20,Male,95175,Paris,Beauty,1860.57,11,308,0
863,67,Female,82307,Lyon,Sports,922.82,12,162,0
864,29,Female,64733,Marseille,Sports,371.45,14,357,0
865,18,Female,113028,Lyon,Electronics,611.77,2,340,1
866,61,Female,29240,Toulouse,Sports,111.1,14,61,0
867,22,Female,116234,Paris,Electronics,941.92,12,125,0
868,47,Male,110493,Toulouse,Electronics,1707.73,5,71,0
869,47,Male,116344,Toulouse,Fashion,1867.83,4,326,0
870,34,Male,89363,Toulouse,Sports,1865.88,9,364,0
871,65,Female,50762,Paris,Electronics,259.21,12,243,0
872,64,Male,26259,Paris,Fashion,770.29,5,249,0
873,40,Male,68139,Nice,Home,66.18,9,221,0
874,32,Female,32849,Lyon,Fashion,1711.78,11,21,0
875,54,Female,99768,Lyon,Fashion,723.92,9,82,0
876,38,Female,107709,Nice,Electronics,1265.92,14,344,0
877,31,Male,72869,Nice,Beauty,1432.65,2,10,0
878,19,Male,81095,Toulouse,Beauty,865.39,14,12,0
879,28,Female,88910,Nice,Beauty,619.82,9,263,0
880,68,Female,104710,Marseille,Fashion,1924.8,3,145,0
881,56,Male,41567,Lyon,Electronics,1929.33,4,192,0
882,55,Male,53292,Nice,Sports,585.98,1,250,1
883,51,Female,92813,Marseille,Fashion,964.45,14,114,0
884,55,Female,115136,Marseille,Fashion,1945.96,1,26,0
885,67,Male,69631,Marseille,Electronics,19.69,1,271,1
886,51,Female,27885,Marseille,Home,831.23,9,33,0
887,35,Male,77659,Toulouse,Fashion,209.91,11,62,0
888,47,Male,72306,Marseille,Home,1023.22,8,229,0
889,32,Male,84314,Toulouse,Home,59.09,5,303,0
890,44,Male,83087,Toulouse,Beauty,819.73,5,95,0
891,68,Female,47165,Marseille,Electronics,449.19,9,35,0
892,51,Female,76929,Lyon,Home,1071.28,3,193,0
893,69,Male,85028,Marseille,Electronics,1992.03,3,76,0
894,55,Male,113998,Marseille,Beauty,1603.07,7,249,0
895,50,Male,67812,Marseille,Electronics,1692.83,9,83,0
896,41,Male,68500,Lyon,Fashion,1274.18,6,25,0
897,32,Male,97151,Paris,Home,92.7,14,57,0
898,47,Female,76643,Paris,Electronics,421.53,2,32,0
899,59,Female,62900,Toulouse,Sports,1850.88,1,319,1
900,68,Female,60946,Toulouse,Electronics,738.57,2,12,0
901,34,Female,25851,Lyon,Home,216.24,14,319,0
902,22,Male,34288,Nice,Beauty,1407.79,14,333,0
903,46,Male,90692,Paris,Beauty,605.92,1,92,0
904,21,Male,85580,Toulouse,Home,545.03,10,1,0
905,27,Male,25368,Paris,Fashion,1995.98,10,326,0
906,34,Male,103436,Lyon,Fashion,1717.7,9,136,0
907,27,Female,114136,Lyon,Beauty,821.8,10,196,0
908,34,Male,64403,Nice,Beauty,1960.72,12,133,0
909,37,Female,109170,Nice,Home,1303.73,14,86,0
910,41,Female,27168,Lyon,Fashion,1486.62,13,295,0
911,22,Female,104497,Toulouse,Beauty,72.71,8,279,0
912,51,Female,67879,Paris,Fashion,251.99,7,324,0
913,23,Male,77871,Marseille,Beauty,1269.84,3,180,0
914,19,Female,107388,Nice,Electronics,1799.06,8,4,0
915,30,Female,116646,Marseille,Sports,1251.25,2,126,0
916,60,Female,50174,Toulouse,Electronics,276.71,2,175,1
917,60,Male,117751,Nice,Beauty,240.36,11,251,0
918,65,Male,110491,Marseille,Sports,1689.93,10,21,0
919,28,Male,24581,Toulouse,Sports,287.21,3,105,0
920,68,Female,89853,Paris,Beauty,1045.26,7,66,0
921,64,Female,82046,Toulouse,Beauty,83.86,1,263,1
922,40,Male,67678,Nice,Fashion,170.53,8,49,0
923,33,Female,44649,Lyon,Beauty,1347.97,12,16,0
924,48,Male,106668,Paris,Home,1381.47,7,145,0
925,28,Male,100325,Marseille,Beauty,689.52,4,340,0
926,33,Female,32567,Nice,Home,439.06,14,250,0
927,25,Female,98404,Lyon,Beauty,1629.28,5,343,0
928,21,Female,107906,Toulouse,Fashion,442.04,10,354,0
929,57,Female,114019,Lyon,Home,1088.63,13,75,0
930,21,Male,79944,Nice,Electronics,1936.74,1,290,1
931,42,Male,96002,Nice,Home,304.23,4,282,0
932,20,Male,46803,Lyon,Fashion,1882.34,1,66,0
933,49,Male,36230,Toulouse,Home,373.96,1,125,0
934,20,Male,35862,Lyon,Beauty,1139.21,10,319,0
935,44,Female,61355,Nice,Beauty,760.25,1,87,0
936,46,Male,49259,Nice,Fashion,1930.21,7,41,0
937,49,Male,117075,Marseille,Sports,554.35,7,186,0
938,67,Male,105445,Marseille,Beauty,805.32,4,354,0
939,68,Female,48795,Paris,Electronics,1965.89,13,335,0
940,36,Female,26770,Nice,Fashion,1077.58,12,266,0
941,38,Female,29093,Marseille,Home,1010.23,2,271,1
942,22,Female,64571,Lyon,Home,522.98,12,42,0
943,35,Male,18193,Toulouse,Electronics,1405.71,3,93,0
944,45,Male,118311,Lyon,Beauty,38.6,8,185,0
945,59,Female,35569,Toulouse,Fashion,108.53,13,215,0
946,39,Female,29190,Marseille,Electronics,1202.72,8,17,0
947,38,Male,80824,Paris,Beauty,689.93,11,265,0
948,23,Male,60752,Lyon,Fashion,1907.1,11,114,0
949,18,Female,50327,Lyon,Home,1807.35,6,292,0
950,22,Female,60070,Lyon,Fashion,1430.28,10,292,0
951,58,Female,103925,Toulouse,Sports,1638.11,9,48,0
952,29,Female,58197,Marseille,Fashion,1337.99,11,307,0
953,43,Male,20261,Lyon,Sports,259.91,12,97,0
954,63,Male,111905,Lyon,Fashion,1533.43,9,95,0
955,51,Male,44512,Paris,Sports,428.28,4,326,0
956,66,Female,24716,Paris,Home,653.65,12,74,0
957,31,Female,104795,Marseille,Beauty,1640.28,1,336,1
958,43,Male,46933,Marseille,Sports,1077.69,1,68,0
959,62,Male,22378,Nice,Sports,1721.28,12,246,0
960,44,Male,58583,Paris,Home,433.94,10,77,0
961,26,Male,103371,Nice,Sports,1219.48,5,208,0
962,43,Female,47033,Toulouse,Electronics,176.74,14,254,0
963,64,Male,42000,Nice,Home,1289.69,13,221,0
964,39,Male,93868,Lyon,Electronics,1527.44,2,262,1
965,64,Male,60604,Nice,Home,1174.01,6,331,0
966,47,Male,86336,Marseille,Sports,539.8,7,344,0
967,60,Male,113074,Toulouse,Electronics,72.37,1,259,1
968,65,Male,113655,Lyon,Sports,247.7,6,308,0
969,34,Male,91869,Nice,Home,1248.38,8,74,0
970,43,Female,23410,Toulouse,Sports,1869.5,12,125,0
971,53,Female,101375,Toulouse,Electronics,421.0,5,188,0
972,18,Female,74044,Lyon,Electronics,1472.7,14,254,0
973,25,Female,81315,Nice,Sports,1734.24,12,321,0
974,66,Male,114055,Toulouse,Fashion,1046.56,7,308,0
975,52,Female,89344,Toulouse,Home,1341.84,10,235,0
976,69,Female,24796,Paris,Home,1631.88,6,250,0
977,32,Male,104716,Toulouse,Sports,528.74,4,332,0
978,64,Male,72245,Paris,Fashion,600.82,7,345,0
979,39,Female,61056,Nice,Electronics,11.25,10,72,0
980,31,Female,35709,Nice,Beauty,1926.56,9,235,0
981,43,Male,76557,Nice,Beauty,1835.91,10,324,0
982,45,Female,35543,Marseille,Sports,1531.49,10,156,0
983,40,Male,55418,Nice,Fashion,167.36,13,115,0
984,31,Male,112611,Toulouse,Fashion,900.53,7,313,0
985,41,Male,114038,Lyon,Home,212.76,12,228,0
986,19,Male,34724,Paris,Electronics,41.68,14,322,0
987,62,Female,21828,Marseille,Fashion,1236.2,5,346,0
988,43,Male,35087,Nice,Beauty,1922.05,7,245,0
989,31,Male,30605,Nice,Electronics,1806.71,3,306,0
990,68,Female,49337,Lyon,Electronics,1396.54,2,14,0
991,24,Male,23482,Lyon,Sports,202.31,11,16,0
992,20,Female,83333,Marseille,Fashion,555.59,5,42,0
993,64,Female,110541,Paris,Sports,646.91,4,110,0
994,40,Female,106296,Nice,Fashion,1528.67,5,278,0
995,63,Male,68952,Marseille,Home,1606.48,8,324,0
996,60,Female,23463,Toulouse,Sports,776.36,12,19,0
997,64,Female,88448,Toulouse,Sports,841.59,4,66,0
998,62,Male,22648,Marseille,Beauty,98.57,9,167,0
999,35,Female,51623,Nice,Sports,585.38,7,73,0
1000,55,Female,77156,Marseille,Fashion,908.06,10,310,0
1001,52,Female,53634,Nice,Beauty,242.8,13,112,0
1002,68,Female,62602,Lyon,Sports,912.0,12,274,0
1003,32,Female,67334,Marseille,Sports,1707.82,7,85,0
1004,42,Male,86648,Nice,Home,1166.83,13,139,0
1005,54,Female,40054,Marseille,Sports,167.07,13,39,0
1006,45,Female,88028,Marseille,Electronics,391.43,8,105,0
1007,27,Male,40207,Nice,Beauty,954.34,12,324,0
1008,56,Male,98650,Nice,Electronics,729.36,6,281,0
1009,34,Male,117821,Paris,Beauty,723.87,8,123,0
1010,56,Female,99554,Marseille,Home,1063.24,3,218,0
1011,39,Male,39386,Toulouse,Sports,1172.95,10,61,0
1012,43,Female,101276,Marseille,Sports,1595.75,10,100,0
1013,61,Female,77518,Marseille,Sports,688.52,14,307,0
1014,42,Male,70781,Nice,Beauty,1612.88,1,354,1
1015,34,Male,70780,Marseille,Sports,683.84,6,204,0
1016,30,Female,79440,Marseille,Electronics,120.31,1,258,1
1017,37,Male,62199,Toulouse,Sports,1112.83,9,5,0
1018,42,Female,79035,Nice,Home,1179.93,14,197,0
1019,21,Male,26210,Marseille,Electronics,1869.74,2,180,1
1020,27,Male,62363,Lyon,Sports,1454.86,11,342,0
1021,20,Male,96279,Paris,Sports,1836.37,2,133,0
1022,58,Female,78348,Toulouse,Fashion,1817.61,7,324,0
1023,62,Male,73284,Marseille,Beauty,1213.1,2,253,1
1024,35,Female,90124,Lyon,Electronics,1060.25,10,265,0
1025,64,Female,86847,Marseille,Fashion,1119.31,8,93,0
1026,53,Female,40432,Marseille,Home,1956.88,6,150,0
1027,64,Female,82089,Nice,Beauty,1548.6,14,138,0
1028,39,Male,73398,Nice,Electronics,221.47,7,208,0
1029,51,Female,117291,Nice,Sports,1559.07,7,125,0
1030,64,Female,21321,Lyon,Electronics,349.37,6,234,0
1031,25,Male,99348,Marseille,Sports,900.23,10,61,0
1032,57,Female,55383,Paris,Beauty,428.81,11,307,0
1033,66,Male,96682,Toulouse,Sports,1382.27,9,266,0
1034,61,Female,97190,Nice,Home,1755.85,13,134,0
1035,36,Male,70893,Nice,Sports,587.82,9,318,0
1036,59,Female,53820,Marseille,Home,173.2,7,113,0
1037,58,Male,84262,Marseille,Beauty,604.0,9,191,0
1038,54,Female,21760,Lyon,Beauty,1348.0,13,187,0
1039,23,Female,40190,Lyon,Electronics,664.23,10,319,0
1040,69,Male,85411,Nice,Home,563.44,3,89,0
1041,43,Male,41377,Marseille,Home,377.03,3,187,0
1042,51,Male,64737,Paris,Fashion,1000.06,1,307,1
1043,62,Male,87569,Toulouse,Fashion,559.14,5,132,0
1044,23,Female,56211,Marseille,Fashion,1464.71,4,360,0
1045,54,Female,100909,Marseille,Sports,162.48,2,123,0
1046,50,Male,21744,Lyon,Fashion,1331.43,9,48,0
1047,39,Female,42995,Toulouse,Home,482.74,3,288,0
1048,38,Male,34977,Nice,Sports,983.67,8,179,0
1049,23,Male,115938,Marseille,Beauty,579.32,6,180,0
1050,23,Female,52542,Nice,Electronics,1448.31,14,99,0
1051,65,Female,28651,Marseille,Fashion,1891.16,13,330,0
1052,21,Female,117239,Nice,Beauty,1834.98,5,34,0
1053,47,Female,96931,Toulouse,Home,1171.02,1,70,0
1054,28,Female,113344,Lyon,Electronics,930.59,4,171,0
1055,47,Female,34715,Toulouse,Beauty,1638.42,3,272,0
1056,48,Female,62409,Paris,Electronics,1369.82,1,59,0
1057,41,Male,42306,Lyon,Fashion,375.29,12,181,0
1058,26,Male,37086,Toulouse,Home,1643.63,5,19,0
1059,20,Male,32376,Paris,Electronics,863.48,6,226,0
1060,68,Male,79350,Marseille,Beauty,386.08,2,95,0
1061,48,Male,89425,Marseille,Fashion,570.78,14,297,0
1062,57,Female,54636,Nice,Fashion,542.38,3,81,0
1063,54,Male,104120,Lyon,Beauty,1043.22,11,175,0
1064,53,Male,69649,Marseille,Beauty,476.4,14,222,0
1065,41,Male,52610,Lyon,Electronics,255.9,6,103,0
1066,48,Male,28058,Marseille,Sports,256.14,4,54,0
1067,23,Male,92637,Nice,Fashion,1170.72,9,183,0
1068,19,Male,96033,Toulouse,Electronics,1472.17,5,351,0
1069,37,Male,88194,Nice,Beauty,649.85,4,318,0
1070,45,Female,94917,Paris,Electronics,78.95,2,355,1
1071,28,Female,82200,Marseille,Beauty,263.18,6,349,0
1072,21,Male,64619,Paris,Home,1830.24,10,321,0
1073,32,Female,35154,Paris,Beauty,992.15,2,68,0
1074,23,Female,37539,Lyon,Beauty,912.61,12,28,0
1075,66,Female,78058,Marseille,Beauty,85.72,13,274,0
1076,47,Female,80068,Paris,Sports,1459.99,7,282,0
1077,55,Male,95313,Toulouse,Beauty,1060.86,3,360,0
1078,68,Female,117932,Paris,Fashion,412.14,9,311,0
1079,19,Female,48373,Toulouse,Fashion,229.05,11,119,0
1080,32,Female,51154,Lyon,Electronics,772.94,5,134,0
1081,28,Male,24031,Paris,Sports,1675.95,8,129,0
1082,25,Male,111533,Nice,Electronics,1731.94,11,8,0
1083,43,Male,89975,Lyon,Fashion,1209.66,6,51,0
1084,68,Male,40785,Toulouse,Fashion,1457.8,14,341,0
1085,62,Male,96928,Lyon,Home,239.16,12,281,0
1086,61,Male,46669,Paris,Beauty,1180.37,10,175,0
1087,22,Male,112475,Marseille,Fashion,1337.26,8,183,0
1088,23,Female,20282,Marseille,Electronics,409.42,13,192,0
1089,43,Female,52624,Toulouse,Electronics,1761.51,13,249,0
1090,21,Female,66438,Toulouse,Beauty,398.04,11,235,0
1091,36,Male,107900,Marseille,Beauty,633.82,12,83,0
1092,37,Male,85534,Toulouse,Home,1244.91,3,93,0
1093,50,Male,49705,Lyon,Sports,1280.32,3,312,0
1094,37,Male,56244,Nice,Electronics,1401.78,5,268,0
1095,66,Male,92964,Nice,Beauty,232.9,11,120,0
1096,29,Female,55437,Lyon,Electronics,1700.43,10,71,0
1097,64,Female,95872,Nice,Beauty,1070.37,3,17,0
1098,18,Male,92878,Paris,Fashion,947.93,8,253,0
1099,43,Male,90982,Lyon,Electronics,1962.38,10,122,0
1100,31,Male,68583,Toulouse,Fashion,1483.35,13,10,0
1101,55,Male,56392,Lyon,Electronics,244.83,12,287,0
1102,54,Female,25461,Marseille,Sports,1515.51,14,316,0
1103,28,Male,118123,Toulouse,Home,199.55,8,326,0
1104,53,Male,28516,Marseille,Fashion,64.67,2,273,1
1105,30,Male,97285,Toulouse,Beauty,813.22,12,306,0
1106,60,Male,35514,Nice,Sports,1987.22,4,293,0
1107,20,Female,118962,Lyon,Electronics,358.02,10,210,0
1108,50,Male,54268,Paris,Fashion,1348.56,13,218,0
1109,23,Male,108486,Toulouse,Electronics,355.06,1,241,1
1110,67,Female,118424,Toulouse,Electronics,1452.33,4,200,0
1111,27,Female,54788,Marseille,Electronics,1015.65,12,216,0
1112,22,Female,93749,Nice,Home,1363.14,13,205,0
1113,40,Male,79049,Marseille,Home,413.72,13,216,0
1114,27,Male,80493,Marseille,Beauty,1493.8,11,80,0
1115,61,Female,54027,Nice,Fashion,1991.28,13,267,0
1116,19,Female,111547,Paris,Sports,1334.64,4,35,0
1117,30,Female,60849,Marseille,Sports,992.03,10,289,0
1118,57,Female,118127,Marseille,Sports,1847.12,9,18,0
1119,19,Female,35858,Toulouse,Electronics,41.55,3,165,0
1120,37,Female,102162,Nice,Home,1462.55,2,13,0
1121,18,Male,97003,Lyon,Fashion,1778.61,9,202,0
1122,54,Male,70395,Paris,Electronics,132.73,9,229,0
1123,26,Male,57758,Paris,Home,905.63,1,346,1
1124,34,Female,72312,Nice,Home,417.39,6,1,0
1125,26,Female,86670,Toulouse,Fashion,1137.37,10,319,0
1126,28,Female,100279,Toulouse,Fashion,1302.59,8,217,0
1127,32,Female,33434,Nice,Fashion,612.22,3,34,0
1128,41,Female,82047,Toulouse,Electronics,925.36,11,359,0
1129,55,Female,65775,Paris,Beauty,565.89,9,266,0
1130,52,Male,93769,Paris,Fashion,745.09,2,128,0
1131,47,Male,84677,Lyon,Beauty,327.48,6,212,0
1132,48,Female,101555,Nice,Electronics,1772.26,1,263,1
1133,66,Male,103920,Marseille,Beauty,29.92,13,312,0
1134,22,Female,63734,Marseille,Sports,1765.99,7,80,0
1135,61,Male,119665,Lyon,Beauty,1147.64,3,165,0
1136,67,Female,106503,Lyon,Fashion,670.0,7,252,0
1137,31,Female,58603,Toulouse,Electronics,1448.88,4,12,0
1138,28,Male,94708,Lyon,Fashion,1020.43,9,304,0
1139,26,Male,99926,Lyon,Sports,1003.23,5,212,0
1140,51,Female,86803,Marseille,Fashion,229.18,3,282,0
1141,29,Female,57332,Toulouse,Fashion,785.14,8,112,0
1142,52,Male,109703,Lyon,Fashion,489.72,6,211,0
1143,52,Male,39312,Lyon,Home,41.23,2,239,1
1144,18,Female,111376,Toulouse,Sports,726.6,3,268,0
1145,57,Male,102526,Nice,Fashion,188.75,8,298,0
1146,39,Female,62179,Toulouse,Fashion,521.09,10,317,0
1147,46,Female,89442,Marseille,Fashion,194.11,7,58,0
1148,25,Female,58379,Nice,Electronics,210.87,10,34,0
1149,28,Female,35297,Paris,Home,406.03,6,263,0
1150,58,Male,20011,Toulouse,Electronics,1999.7,14,35,0
1151,54,Male,62014,Marseille,Home,14.35,1,271,1
1152,31,Male,29738,Nice,Fashion,1280.96,9,227,0
1153,47,Male,112333,Toulouse,Sports,291.07,3,25,0
1154,52,Male,65498,Lyon,Beauty,1842.05,14,234,0
1155,38,Male,29120,Toulouse,Beauty,196.33,5,59,0
1156,54,Male,26767,Paris,Fashion,1910.58,7,251,0
1157,22,Female,40852,Toulouse,Electronics,1225.74,7,335,0
1158,36,Male,97239,Nice,Sports,12.52,3,86,0
1159,31,Male,18929,Nice,Home,1789.07,4,251,0
1160,43,Female,95487,Toulouse,Fashion,1048.21,10,180,0
1161,21,Male,109575,Nice,Sports,532.71,7,207,0
1162,42,Male,113040,Lyon,Sports,1536.89,8,344,0
1163,62,Female,35438,Toulouse,Home,1854.06,2,149,0
1164,59,Male,66515,Lyon,Sports,972.54,9,71,0
1165,42,Male,23744,Lyon,Electronics,637.95,7,121,0
1166,35,Male,101820,Marseille,Electronics,1580.0,13,253,0
1167,57,Female,60417,Toulouse,Electronics,1366.75,8,93,0
1168,25,Male,25069,Nice,Sports,1778.62,6,256,0
1169,56,Male,60359,Lyon,Electronics,1388.1,6,254,0
1170,57,Female,37799,Marseille,Home,494.62,9,352,0
1171,31,Male,116746,Toulouse,Sports,1864.0,4,288,0
1172,49,Female,111762,Toulouse,Beauty,218.62,11,309,0
1173,68,Female,88188,Paris,Sports,543.21,11,59,0
1174,55,Male,107859,Paris,Home,1045.19,5,69,0
1175,50,Female,25597,Lyon,Beauty,1135.83,9,86,0
1176,40,Female,65093,Paris,Sports,40.47,1,274,1
1177,32,Male,55226,Lyon,Electronics,1563.34,4,227,0
1178,50,Female,90127,Nice,Fashion,729.6,7,81,0
1179,42,Female,109369,Lyon,Fashion,818.77,11,114,0
1180,34,Male,95362,Paris,Electronics,1620.65,9,184,0
1181,50,Male,44417,Nice,Fashion,764.77,14,280,0
1182,64,Male,36693,Paris,Fashion,103.98,13,322,0
1183,19,Female,97674,Lyon,Electronics,361.12,11,318,0
1184,31,Male,71161,Marseille,Electronics,1912.25,12,54,0
1185,57,Female,20169,Toulouse,Sports,150.11,13,197,0
1186,57,Female,102092,Paris,Sports,716.31,10,293,0
1187,68,Female,40052,Lyon,Electronics,1011.33,6,293,0
1188,56,Female,89849,Nice,Home,991.63,12,291,0
1189,68,Female,91851,Paris,Fashion,17.88,8,180,0
1190,23,Female,26036,Paris,Sports,1007.31,13,222,0
1191,23,Female,49778,Toulouse,Fashion,773.71,9,274,0
1192,20,Male,45734,Lyon,Beauty,1944.44,10,244,0
1193,24,Male,41173,Marseille,Electronics,326.73,4,154,0
1194,68,Female,48403,Nice,Home,714.77,1,304,1
1195,25,Female,84321,Lyon,Beauty,844.77,14,273,0
1196,59,Male,89675,Nice,Beauty,787.48,8,135,0
1197,69,Female,24344,Paris,Beauty,1335.0,2,313,1
1198,32,Male,36800,Toulouse,Electronics,438.87,11,8,0
1199,64,Male,43372,Toulouse,Sports,449.93,1,128,0
1200,46,Male,79516,Marseille,Electronics,1461.13,13,56,0
1201,50,Female,38538,Toulouse,Sports,1005.58,7,126,0
1202,69,Female,81918,Paris,Beauty,836.16,12,159,0
1203,47,Male,32973,Marseille,Beauty,346.71,10,59,0
1204,56,Male,89155,Lyon,Home,383.18,9,58,0
1205,44,Male,118240,Toulouse,Sports,31.0,11,140,0
1206,53,Male,77500,Marseille,Beauty,191.94,12,176,0
1207,46,Male,54575,Paris,Fashion,1118.11,12,108,0
1208,55,Female,60261,Nice,Home,1784.83,9,211,0
1209,50,Male,45716,Nice,Electronics,581.46,3,74,0
1210,54,Female,21236,Paris,Home,662.22,6,167,0
1211,44,Male,33848,Paris,Fashion,240.06,7,357,0
1212,50,Female,20352,Nice,Sports,783.38,14,304,0
1213,21,Female,19932,Marseille,Electronics,84.07,10,233,0
1214,39,Female,94449,Nice,Electronics,1836.03,9,327,0
1215,19,Female,26556,Paris,Sports,1349.49,2,182,1
1216,27,Female,104836,Toulouse,Home,1981.59,8,122,0
1217,22,Female,23498,Lyon,Beauty,1766.82,14,334,0
1218,27,Male,94118,Toulouse,Home,951.25,7,203,0
1219,50,Female,68098,Toulouse,Fashion,1044.17,4,29,0
1220,55,Male,82386,Paris,Beauty,389.25,2,202,1
1221,30,Female,27569,Nice,Home,929.46,8,93,0
1222,48,Female,74882,Marseille,Sports,1807.03,11,329,0
1223,64,Male,88393,Toulouse,Fashion,111.2,5,356,0
1224,53,Female,18340,Nice,Fashion,1728.48,6,176,0
1225,62,Male,61949,Marseille,Fashion,688.49,14,330,0
1226,41,Male,100302,Toulouse,Beauty,1800.03,11,211,0
1227,69,Male,80443,Marseille,Electronics,1882.35,7,184,0
1228,32,Male,109668,Nice,Beauty,1345.02,10,95,0
1229,46,Female,92027,Lyon,Home,1332.2,1,273,1
1230,25,Female,18138,Nice,Electronics,910.98,8,137,0
1231,22,Male,18358,Paris,Home,1672.73,4,237,0
1232,46,Female,93250,Marseille,Electronics,1923.61,13,353,0
1233,64,Female,103376,Lyon,Beauty,1552.41,9,265,0
1234,21,Male,117931,Marseille,Fashion,1247.65,1,135,0
1235,29,Female,48654,Marseille,Sports,1217.52,11,144,0
1236,62,Male,43879,Toulouse,Fashion,1700.45,2,19,0
1237,19,Male,99532,Paris,Beauty,1087.0,14,231,0
1238,44,Female,73778,Marseille,Electronics,1609.68,6,134,0
1239,48,Female,55772,Nice,Fashion,1022.68,11,114,0
1240,68,Female,76478,Nice,Beauty,134.26,10,139,0
1241,68,Male,82353,Toulouse,Home,774.05,11,125,0
1242,53,Male,44762,Paris,Sports,894.44,14,204,0
1243,53,Female,31283,Paris,Fashion,291.82,1,61,0
1244,43,Female,81922,Nice,Electronics,213.97,4,250,0
1245,60,Female,57420,Lyon,Home,1075.58,8,298,0
1246,44,Female,73568,Toulouse,Beauty,179.44,10,13,0
1247,22,Male,103090,Toulouse,Sports,612.86,5,255,0
1248,37,Female,38219,Nice,Electronics,1491.75,13,85,0
1249,28,Male,75169,Nice,Beauty,1929.22,9,20,0
1250,27,Male,118455,Lyon,Beauty,1438.56,11,50,0
1251,57,Female,92965,Lyon,Fashion,1985.32,11,164,0
1252,55,Female,64840,Paris,Fashion,1399.69,6,92,0
1253,23,Female,62695,Toulouse,Electronics,594.65,1,88,0
1254,25,Male,102754,Toulouse,Beauty,1347.38,6,69,0
1255,40,Female,95988,Nice,Fashion,1407.29,6,37,0
1256,64,Female,76342,Paris,Sports,749.74,13,253,0
1257,43,Male,36951,Toulouse,Sports,45.25,6,252,0
1258,63,Female,19307,Paris,Beauty,1409.37,8,140,0
1259,60,Male,98388,Paris,Fashion,53.18,6,355,0
1260,29,Female,108768,Nice,Electronics,1266.06,5,168,0
1261,43,Male,53428,Paris,Electronics,335.6,11,54,0
1262,30,Female,110021,Lyon,Electronics,1135.55,2,178,1
1263,57,Female,93774,Lyon,Sports,1012.79,4,297,0
1264,35,Male,56975,Marseille,Fashion,36.89,14,301,0
1265,42,Male,19140,Nice,Fashion,732.1,10,359,0
1266,50,Female,42842,Marseille,Sports,1206.17,5,106,0
1267,64,Male,44421,Lyon,Electronics,1698.73,10,137,0
1268,57,Male,19708,Marseille,Electronics,1778.4,4,190,0
1269,60,Male,21630,Nice,Beauty,972.86,2,128,0
1270,29,Male,37595,Nice,Home,1459.56,7,342,0
1271,61,Female,94021,Paris,Fashion,639.74,10,47,0
1272,53,Female,46308,Toulouse,Fashion,690.95,10,5,0
1273,65,Male,62789,Paris,Fashion,396.98,2,257,1
1274,21,Male,73690,Nice,Home,1128.28,1,300,1
1275,22,Male,44086,Lyon,Beauty,635.98,14,150,0
1276,54,Male,34859,Lyon,Home,177.9,5,294,0
1277,25,Female,25684,Paris,Electronics,1373.16,12,243,0
1278,59,Female,109088,Nice,Electronics,1418.43,13,275,0
1279,66,Male,19207,Lyon,Fashion,726.38,1,208,1
1280,45,Male,64099,Nice,Sports,162.68,1,115,0
1281,48,Male,85496,Lyon,Fashion,858.33,1,195,1
1282,26,Female,84093,Nice,Sports,890.25,6,343,0
1283,68,Male,47689,Marseille,Home,1340.66,9,170,0
1284,46,Female,66651,Nice,Electronics,637.68,10,82,0
1285,31,Male,31893,Nice,Sports,1368.37,13,154,0
1286,57,Female,115808,Paris,Home,1744.26,11,141,0
1287,58,Male,84418,Marseille,Electronics,482.6,12,314,0
1288,39,Female,78011,Toulouse,Sports,1958.05,1,146,0
1289,28,Male,56635,Paris,Fashion,778.87,5,323,0
1290,40,Male,74115,Toulouse,Fashion,541.84,9,122,0
1291,18,Male,113071,Lyon,Fashion,848.81,14,252,0
1292,63,Female,96405,Toulouse,Home,197.85,9,343,0
1293,54,Male,90702,Nice,Fashion,260.15,1,311,1
1294,38,Female,96518,Toulouse,Beauty,834.72,8,89,0
1295,43,Female,90805,Paris,Electronics,1527.26,1,58,0
1296,63,Male,76954,Paris,Home,1801.62,8,63,0
1297,53,Male,46064,Toulouse,Fashion,1332.99,1,347,1
1298,40,Male,97063,Paris,Electronics,219.39,12,308,0
1299,18,Female,20454,Paris,Sports,1347.32,5,280,0
1300,68,Male,38878,Toulouse,Fashion,1274.5,8,72,0
1301,57,Female,69098,Marseille,Electronics,1613.47,6,9,0
1302,32,Female,80154,Marseille,Beauty,1652.24,9,94,0
1303,38,Male,30991,Lyon,Sports,1737.72,1,339,1
1304,64,Male,86344,Paris,Beauty,834.12,9,336,0
1305,26,Male,54593,Toulouse,Electronics,1398.75,1,152,1
1306,26,Male,54304,Paris,Beauty,543.82,10,356,0
1307,27,Male,48386,Nice,Electronics,1998.68,10,40,0
1308,69,Male,73220,Paris,Electronics,358.92,3,359,0
1309,43,Female,87338,Paris,Beauty,30.13,1,62,0
1310,58,Female,112289,Marseille,Electronics,306.13,3,254,0
1311,52,Female,39083,Toulouse,Fashion,1553.99,12,69,0
1312,69,Male,36354,Paris,Electronics,899.1,11,245,0
1313,42,Female,40190,Marseille,Home,900.53,13,170,0
1314,43,Female,24142,Lyon,Electronics,1910.5,2,178,1
1315,28,Female,46398,Marseille,Home,1840.07,2,189,1
1316,55,Female,69971,Marseille,Electronics,629.28,9,260,0
1317,19,Female,59862,Marseille,Electronics,426.03,8,72,0
1318,24,Male,116668,Paris,Beauty,1698.48,1,17,0
1319,35,Male,71410,Paris,Fashion,1812.98,12,341,0
1320,44,Female,37503,Lyon,Fashion,1087.78,14,57,0
1321,51,Female,66456,Nice,Sports,1262.55,4,218,0
1322,44,Female,118167,Nice,Beauty,521.26,13,107,0
1323,34,Male,100035,Nice,Beauty,1603.6,1,304,1
1324,60,Male,26016,Lyon,Fashion,1267.92,1,173,1
1325,61,Female,20384,Nice,Beauty,1011.99,12,219,0
1326,68,Male,80320,Nice,Fashion,129.62,12,247,0
1327,41,Male,33072,Marseille,Beauty,1832.71,4,218,0
1328,42,Female,98018,Paris,Electronics,1234.75,2,31,0
1329,24,Male,58510,Paris,Fashion,393.46,3,47,0
1330,69,Male,66933,Marseille,Fashion,1216.71,11,134,0
1331,23,Female,39826,Marseille,Home,1358.15,9,108,0
1332,41,Male,86026,Marseille,Beauty,1056.28,2,72,0
1333,50,Male,43518,Paris,Beauty,1439.02,4,327,0
1334,66,Female,42045,Nice,Fashion,1167.09,1,108,0
1335,46,Male,68876,Marseille,Electronics,1896.06,2,309,1
1336,60,Male,110446,Lyon,Electronics,116.86,5,272,0
1337,39,Female,108102,Marseille,Electronics,221.43,14,171,0
1338,43,Female,69919,Toulouse,Beauty,355.61,10,116,0
1339,45,Female,117441,Marseille,Home,1383.44,1,329,1
1340,67,Male,45103,Paris,Fashion,1294.74,11,74,0
1341,38,Female,54188,Marseille,Sports,1785.2,7,256,0
1342,66,Male,23845,Toulouse,Home,1468.43,4,81,0
1343,24,Female,104698,Lyon,Sports,1021.63,6,268,0
1344,34,Male,54674,Nice,Home,1983.75,8,128,0
1345,37,Female,37337,Marseille,Electronics,539.55,13,326,0
1346,58,Female,40313,Toulouse,Beauty,1668.05,6,235,0
1347,66,Female,44943,Toulouse,Sports,859.31,14,41,0
1348,37,Female,95949,Lyon,Home,1300.98,2,181,1
1349,39,Male,18276,Paris,Beauty,1457.26,1,157,1
1350,45,Female,69151,Marseille,Sports,1271.17,8,59,0
1351,57,Female,35611,Toulouse,Fashion,289.61,8,345,0
1352,66,Male,29944,Lyon,Home,891.47,9,249,0
1353,24,Female,70887,Nice,Fashion,1127.26,6,192,0
1354,18,Male,99442,Toulouse,Electronics,1699.6,12,24,0
1355,49,Female,67847,Lyon,Fashion,892.86,1,80,0
1356,30,Female,76653,Paris,Fashion,1838.31,14,134,0
1357,47,Female,104072,Paris,Home,886.34,9,213,0
1358,40,Male,74622,Toulouse,Electronics,1102.07,12,348,0
1359,68,Female,45810,Toulouse,Fashion,1594.61,13,166,0
1360,36,Female,95842,Marseille,Beauty,1170.3,14,348,0
1361,49,Female,28503,Lyon,Sports,1920.83,3,337,0
1362,47,Male,102761,Toulouse,Fashion,1324.07,11,71,0
1363,46,Male,54976,Marseille,Electronics,1050.19,6,214,0
1364,66,Female,29590,Marseille,Fashion,56.95,10,65,0
1365,62,Male,28886,Toulouse,Sports,833.33,13,221,0
1366,46,Female,30866,Paris,Electronics,605.5,10,308,0
1367,47,Female,84624,Lyon,Home,1498.73,11,286,0
1368,33,Female,86899,Lyon,Electronics,424.47,12,185,0
1369,57,Female,50792,Paris,Home,418.39,14,207,0
1370,36,Female,27764,Toulouse,Electronics,387.14,9,99,0
1371,35,Female,104156,Lyon,Sports,259.98,11,242,0
1372,18,Female,60727,Toulouse,Sports,628.9,13,158,0
1373,31,Male,96471,Toulouse,Electronics,1772.99,3,98,0
1374,68,Male,26068,Marseille,Fashion,1552.11,5,42,0
1375,64,Male,25295,Paris,Sports,1473.15,13,139,0
1376,67,Male,59160,Toulouse,Home,1596.7,14,283,0
1377,19,Male,29390,Nice,Home,546.14,5,227,0
1378,45,Male,38131,Paris,Beauty,1776.01,10,72,0
1379,66,Male,112754,Lyon,Home,283.23,7,243,0
1380,67,Female,93969,Marseille,Beauty,679.33,4,18,0
1381,47,Female,33038,Lyon,Electronics,1177.63,11,77,0
1382,55,Female,70327,Lyon,Electronics,214.78,4,45,0
1383,68,Female,111718,Paris,Electronics,1462.96,7,343,0
1384,21,Male,95064,Lyon,Fashion,780.62,9,140,0
1385,18,Male,39281,Toulouse,Fashion,1570.97,11,177,0
1386,25,Female,72189,Lyon,Beauty,990.86,4,222,0
1387,46,Female,66511,Marseille,Home,369.94,4,92,0
1388,56,Male,26605,Marseille,Home,1472.18,6,22,0
1389,20,Female,118318,Nice,Electronics,511.77,6,172,0
1390,49,Female,19381,Marseille,Sports,986.71,7,92,0
1391,27,Female,84634,Lyon,Fashion,160.31,1,192,1
1392,27,Female,37810,Marseille,Fashion,1239.55,13,77,0
1393,36,Male,42322,Paris,Electronics,1335.06,11,281,0
1394,63,Female,59869,Marseille,Fashion,763.56,14,364,0
1395,51,Female,50955,Toulouse,Electronics,1909.3,3,179,0
1396,50,Male,79388,Paris,Beauty,1749.6,9,238,0
1397,40,Male,28207,Nice,Home,1418.8,6,135,0
1398,45,Female,105329,Toulouse,Sports,1430.17,6,280,0
1399,49,Male,85628,Lyon,Home,512.28,5,19,0
1400,67,Female,46220,Lyon,Home,1317.06,11,83,0
1401,24,Female,102050,Lyon,Beauty,404.43,3,228,0
1402,46,Male,92085,Toulouse,Fashion,296.57,11,265,0
1403,25,Female,40031,Toulouse,Sports,1998.94,5,112,0
1404,18,Female,88721,Toulouse,Fashion,1248.53,14,251,0
1405,20,Female,98807,Paris,Home,867.67,1,164,1
1406,41,Female,89312,Paris,Electronics,583.45,3,358,0
1407,40,Male,77766,Lyon,Home,1211.8,4,168,0
1408,25,Male,30449,Marseille,Fashion,108.69,5,221,0
1409,64,Female,107833,Lyon,Home,198.42,10,304,0
1410,54,Male,74699,Nice,Electronics,75.38,9,191,0
1411,20,Female,99253,Paris,Beauty,1003.35,4,325,0
1412,68,Female,64092,Toulouse,Fashion,1205.21,3,170,0
1413,50,Female,81671,Paris,Home,134.33,10,45,0
1414,45,Female,28350,Toulouse,Fashion,1445.24,1,14,0
1415,64,Female,114158,Nice,Beauty,468.49,13,231,0
1416,25,Male,118859,Nice,Home,1373.55,10,157,0
1417,51,Female,86487,Paris,Home,1963.98,6,134,0
1418,52,Male,35622,Toulouse,Fashion,1385.3,7,37,0
1419,49,Male,88263,Nice,Fashion,1767.55,10,53,0
1420,41,Female,71117,Lyon,Electronics,1896.92,8,18,0
1421,31,Female,76394,Lyon,Beauty,978.63,12,38,0
1422,49,Female,119084,Toulouse,Electronics,1407.63,1,187,1
1423,63,Female,41782,Paris,Home,1705.42,12,196,0
1424,60,Female,46454,Nice,Fashion,719.65,4,243,0
1425,33,Male,85904,Paris,Home,530.18,11,300,0
1426,21,Female,33592,Lyon,Home,1893.73,5,303,0
1427,69,Female,40173,Nice,Sports,1455.34,2,35,0
1428,54,Male,51204,Paris,Sports,447.17,1,215,1
1429,38,Male,53596,Marseille,Home,903.68,8,219,0
1430,31,Female,52324,Toulouse,Fashion,1594.94,6,316,0
1431,48,Male,79202,Toulouse,Home,1098.66,5,90,0
1432,65,Female,107400,Marseille,Sports,1303.4,13,308,0
1433,35,Male,48750,Lyon,Fashion,1510.0,9,252,0
1434,24,Male,94112,Nice,Home,1247.8,13,8,0
1435,27,Female,34566,Toulouse,Beauty,1084.76,11,256,0
1436,24,Male,25190,Marseille,Beauty,1501.73,13,363,0
1437,50,Male,106607,Marseille,Home,1457.85,11,208,0
1438,40,Male,56333,Lyon,Fashion,1263.45,2,131,0
1439,38,Male,98905,Lyon,Home,725.98,10,224,0
1440,36,Male,107571,Paris,Home,817.57,12,197,0
1441,65,Male,19589,Toulouse,Sports,1941.17,8,142,0
1442,36,Female,43235,Paris,Beauty,233.65,11,252,0
1443,53,Female,18159,Marseille,Sports,544.32,14,96,0
1444,46,Male,30145,Nice,Sports,989.88,10,26,0
1445,35,Female,98909,Nice,Home,1675.09,13,111,0
1446,19,Female,49921,Lyon,Sports,335.71,9,123,0
1447,18,Female,34237,Nice,Beauty,561.14,1,186,1
1448,64,Male,26244,Nice,Sports,140.94,7,168,0
1449,22,Female,32743,Nice,Beauty,1414.91,8,51,0
1450,37,Male,115102,Marseille,Sports,484.04,3,5,0
1451,28,Female,64101,Nice,Beauty,783.46,14,77,0
1452,59,Male,102227,Nice,Sports,892.97,4,160,0
1453,19,Male,117532,Nice,Sports,1783.71,13,208,0
1454,20,Female,74378,Paris,Fashion,828.55,3,257,0
1455,40,Female,89126,Marseille,Beauty,299.0,7,205,0
1456,29,Male,74071,Lyon,Beauty,1053.39,9,255,0
1457,37,Female,89121,Paris,Beauty,1926.29,3,11,0
1458,22,Female,92763,Toulouse,Electronics,1219.29,13,8,0
1459,54,Female,111814,Marseille,Sports,1966.94,6,32,0
1460,55,Male,30237,Marseille,Beauty,1683.8,8,28,0
1461,47,Male,33649,Toulouse,Electronics,81.57,6,206,0
1462,26,Female,55713,Toulouse,Fashion,1320.22,2,228,1
1463,51,Female,91463,Toulouse,Beauty,580.67,13,128,0
1464,61,Female,63409,Lyon,Beauty,1123.64,7,255,0
1465,52,Male,66766,Nice,Electronics,565.9,2,212,1
1466,69,Male,64154,Marseille,Sports,704.25,2,239,1
1467,39,Female,25016,Nice,Fashion,1847.11,2,207,1
1468,61,Female,97563,Nice,Beauty,421.22,11,318,0
1469,41,Female,66688,Toulouse,Sports,1749.48,1,283,1
1470,34,Female,107678,Lyon,Fashion,70.61,14,245,0
1471,27,Female,72238,Paris,Home,190.84,11,45,0
1472,47,Female,76608,Lyon,Home,1710.8,1,105,0
1473,63,Male,107081,Nice,Fashion,1264.81,14,348,0
1474,40,Female,49897,Lyon,Electronics,1497.0,7,281,0
1475,49,Male,68961,Toulouse,Fashion,426.74,13,234,0
1476,34,Female,86703,Paris,Fashion,1078.8,14,189,0
1477,67,Female,62757,Toulouse,Electronics,1477.07,14,44,0
1478,68,Male,44917,Paris,Electronics,1258.36,14,225,0
1479,34,Male,40736,Nice,Sports,948.68,12,142,0
1480,31,Male,45990,Paris,Sports,1919.97,5,136,0
1481,26,Male,80551,Paris,Electronics,1355.55,11,176,0
1482,57,Female,76161,Paris,Home,1816.42,3,142,0
1483,19,Male,97623,Lyon,Home,1462.24,1,80,0
1484,62,Female,40440,Lyon,Fashion,1473.57,11,82,0
1485,42,Male,53205,Nice,Beauty,169.24,10,135,0
1486,56,Female,98811,Paris,Fashion,725.33,6,207,0
1487,26,Female,73103,Marseille,Fashion,1718.16,11,344,0
1488,39,Female,88812,Nice,Beauty,472.88,1,177,1
1489,60,Female,59627,Paris,Electronics,239.86,9,243,0
1490,63,Female,37008,Paris,Home,658.95,2,55,0
1491,21,Female,89274,Lyon,Fashion,448.67,1,141,0
1492,43,Male,50402,Nice,Beauty,1851.32,12,56,0
1493,46,Female,71384,Paris,Sports,1737.25,7,15,0
1494,62,Male,23793,Paris,Fashion,1004.37,6,185,0
1495,51,Male,23571,Nice,Home,132.07,6,314,0
1496,40,Female,114867,Marseille,Electronics,1431.98,14,88,0
1497,54,Male,34209,Nice,Fashion,1250.59,5,97,0
1498,28,Female,108930,Nice,Fashion,1941.4,11,144,0
1499,23,Male,61148,Marseille,Beauty,1122.32,4,8,0
1500,35,Female,109218,Nice,Sports,679.42,11,215,0
